Drug_Name,AUC_Killing_Score,Target
IU1,1.0,USP14
SB-218078,0.9844961240310077,CHEK1
CHIR-124,0.9844961240310077,CHEK1
flubendazole,0.9767441860465116,TUBB
parbendazole,0.9767441860465116,TUBB
fenbendazole,0.9767441860465116,TUBB
niclosamide,0.9767441860465116,STAT3
palovarotene,0.9689922480620154,RARG
CD-1530,0.9689922480620154,RARG
JNJ-17203212,0.9534883720930233,TRPV1
AMG-9810,0.9534883720930233,TRPV1
SB-705498,0.9534883720930233,TRPV1
AMG-517,0.9534883720930233,TRPV1
6-iodo-nordihydrocapsaicin,0.9534883720930233,TRPV1
SB-366791,0.9534883720930233,TRPV1
MK-2295,0.9534883720930233,TRPV1
nonivamide,0.9534883720930233,TRPV1
EIT-hydrobromide,0.9302325581395349,"NOS2, NOS3"
asymmetrical-dimethylarginine,0.9302325581395349,"NOS2, NOS3"
phenylbutyrate,0.8527131782945736,HDAC1
EO-1428,0.7984496124031008,"MAPK11, MAPK14"
SD-208,0.7984496124031008,TGFBR1
repsox,0.7984496124031008,TGFBR1
SB-525334,0.7984496124031008,TGFBR1
PH-797804,0.7984496124031008,"MAPK11, MAPK14"
SB-505124,0.7984496124031008,TGFBR1
trimethoprim,0.7829457364341085,"DHFR, TYMS"
armodafinil,0.7674418604651163,SLC6A3
vanoxerine,0.7674418604651163,SLC6A3
GBR-13069,0.7674418604651163,SLC6A3
radafaxine,0.7674418604651163,SLC6A3
CS-110266,0.7674418604651163,SLC6A3
BMY-14802,0.7131782945736435,HTR1A
BP-554,0.7131782945736435,HTR1A
WAY-100635,0.7131782945736435,HTR1A
MDL-73005EF,0.7131782945736435,HTR1A
alverine,0.7131782945736435,HTR1A
flopropione,0.7131782945736435,HTR1A
ipsapirone,0.7131782945736435,HTR1A
S-14506,0.7131782945736435,HTR1A
tandospirone,0.7131782945736435,HTR1A
urapidil,0.7131782945736435,HTR1A
CP-93129,0.7131782945736435,HTR1A
MDL-72832,0.7131782945736435,HTR1A
UPF-1069,0.7131782945736435,PARP2
F-11440,0.7131782945736435,HTR1A
almitrine,0.49612403100775193,ATP1A1
istaroxime,0.49612403100775193,ATP1A1
ciclopirox,0.49612403100775193,ATP1A1
rostafuroxine,0.49612403100775193,ATP1A1
tofacitinib,0.43410852713178294,"JAK1, JAK2, JAK3, TYK2"
filgotinib,0.43410852713178294,"JAK1, JAK2, JAK3, TYK2"
IKK-16,0.3488372093023256,IKBKB
mycophenolic-acid,0.3023255813953488,"IMPDH1, IMPDH2"
mycophenolate-mofetil,0.3023255813953488,"IMPDH1, IMPDH2"
orotic-acid,0.3023255813953488,DHODH
atovaquone,0.3023255813953488,DHODH
teriflunomide,0.3023255813953488,DHODH
teriflunomide,0.3023255813953488,DHODH
cloxyquin,0.2248062015503876,KCNK18
desogestrel,0.2248062015503876,"ESR1, PGR"
potassium-canrenoate,0.2248062015503876,NR3C2
ethynodiol-diacetate,0.2248062015503876,"ESR1, PGR"
mirabegron,0.2248062015503876,"ADRB1, ADRB2, ADRB3"
ethynodiol-diacetate,0.2248062015503876,"ESR1, PGR"
proadifen,0.2248062015503876,NOS1
tolazoline,0.2248062015503876,"ADRA1A, ADRA2A, ADRA2B, ADRA2C, HRH1, HRH2"
trometamol,0.2248062015503876,"AMD1, CANT1, DCN, NEIL1, VEGFA"
RS-67333,0.2248062015503876,HTR4
bezafibrate,0.2248062015503876,"PPARA, PPARD, PPARG"
benztropine-mesylate,0.2248062015503876,"CHRM1, HRH1, SLC6A3"
potassium-canrenoate,0.2248062015503876,NR3C2
teneligliptin,0.2248062015503876,DPP4
cebranopadol,0.2248062015503876,"OPRL1, OPRM1"
amrinone,0.2248062015503876,"PDE3A, PDE3B, PDE4B, TNF"
WZ4003,0.2248062015503876,"NUAK1, NUAK2"
propylthiouracil,0.2248062015503876,"DIO1, TPO"
ethinyl-estradiol,0.2248062015503876,"ESR1, ESR2, NR1I2"
XBD173,0.2248062015503876,TSPO
azaperone,0.2248062015503876,"DRD2, DRD3"
piribedil,0.2248062015503876,"ADRA1A, ADRA2A, ADRA2C, DRD2, DRD3, DRD4, HTR1A, HTR2B"
phenserine,0.2248062015503876,"ACHE, BCHE"
phenazone,0.2248062015503876,"PTGS1, PTGS2"
vercirnon,0.2248062015503876,CCR9
cytochalasin-b,0.2248062015503876,ACTB
tranylcypromine,0.2248062015503876,"KDM1A, MAOA, MAOB"
BAN-ORL-24,0.2248062015503876,OPRL1
talnetant,0.2248062015503876,"TACR2, TACR3"
chlorogenic-acid,0.2248062015503876,SLC37A4
icosapent,0.2248062015503876,"ACSL3, ACSL4, FADS1, FFAR1, PPARD, PPARG, PTGS1, PTGS2, SLC8A1, TRPV1"
diphenhydramine,0.2248062015503876,HRH1
methapyrilene,0.2248062015503876,HRH1
JNJ-1661010,0.2248062015503876,FAAH
zimelidine,0.2248062015503876,"MAOA, MAOB, SLC6A4"
metyrapone,0.2248062015503876,CYP11B1
zotarolimus,0.2248062015503876,FKBP1A
flavoxate,0.2248062015503876,"CHRM1, CHRM2"
piclamilast,0.2248062015503876,"PDE4A, PDE4B, PDE4C, PDE4D"
alosetron,0.2248062015503876,HTR3A
EMD-386088,0.2248062015503876,HTR6
bromfenac,0.2248062015503876,"PTGS1, PTGS2"
fesoterodine,0.2248062015503876,"CHRM1, CHRM2, CHRM3, CHRM4, CHRM5"
bipenamol,0.2248062015503876,CTSC
umeclidinium,0.2248062015503876,"CHRM1, CHRM2, CHRM3"
zofenopril-calcium,0.2248062015503876,ACE
podophyllotoxin,0.2248062015503876,"IGF1R, TOP2A, TUBA4A, TUBB"
ozanimod,0.2248062015503876,S1PR1
8-bromo-cGMP,0.2248062015503876,PRKG1
clofibrate,0.2248062015503876,"LPL, PPARA"
prednisolone-acetate,0.2248062015503876,NR3C1
Y-27152,0.2248062015503876,KCNJ8
alarelin,0.2248062015503876,GNRH1
"MNS-(3,4-Methylenedioxy-nitrostyrene)",0.2248062015503876,"SRC, SYK"
NNC-711,0.2248062015503876,"SIGMAR1, SLC6A1"
ezetimibe,0.2248062015503876,"ANPEP, NPC1L1, SOAT1"
ezetimibe,0.2248062015503876,"ANPEP, NPC1L1, SOAT1"
butorphanol-(+)-tartrate,0.2248062015503876,"OPRD1, OPRK1, OPRM1"
YM-58483,0.2248062015503876,"TRPC3, TRPC5, TRPM4"
XE-991,0.2248062015503876,"KCNQ1, KCNQ2, KCNQ3, KCNQ4, KCNQ5"
lorediplon,0.2248062015503876,GABRA1
epiandrosterone,0.2248062015503876,G6PD
zilpaterol,0.2248062015503876,ADRB2
acetophenazine,0.2248062015503876,"DRD1, DRD2"
mibampator,0.2248062015503876,GRIA1
gallamine-triethiodide,0.2248062015503876,"ACHE, CHRM2, CHRNA1, CHRNA2"
cholic-acid,0.2248062015503876,"ADH1C, CES1, COX4I1, COX5A, COX5B, COX6A2, COX6B1, COX6C, COX7A1, COX7B, COX7C, COX8A, ESRRG, FABP6, FECH, GPBAR1, MT-CO1, MT-CO2, MT-CO3, PLA2G1B"
3-indolebutyric-acid,0.2248062015503876,"B2M, HLA-A, TRAC, TRBC1"
protriptyline,0.2248062015503876,"SLC6A2, SLC6A4"
tioxolone,0.2248062015503876,CA2
crisaborole,0.2248062015503876,PDE4B
org-9768,0.2248062015503876,ADRA2A
fenobam,0.2248062015503876,GRM5
deoxycholic-acid,0.2248062015503876,"EFTUD1, FPR1, GPBAR1"
ambrisentan,0.2248062015503876,"EDNRA, EDNRB"
icomucret,0.2248062015503876,LTB4R2
F351,0.2248062015503876,TGFB1
HA-966-(S)-(-),0.2248062015503876,GRIA1
balsalazide,0.2248062015503876,"ALOX5, PPARG, PTGS1, PTGS2"
naloxegol,0.2248062015503876,OPRM1
2-phenylmelatonin,0.2248062015503876,"MTNR1A, MTNR1B"
paracetamol,0.2248062015503876,"FAAH, PTGS1, PTGS2, TRPV1"
SB-334867,0.2248062015503876,"HCRTR1, HCRTR2"
tecalcet,0.2248062015503876,CASR
E-4031,0.2248062015503876,"KCNH1, KCNH2"
triclosan,0.2248062015503876,DNMT1
tolimidone,0.2248062015503876,"LYN, SRC"
STA-5326,0.2248062015503876,IL12A
methyllycaconitine,0.2248062015503876,CHRNA7
polydatin,0.2248062015503876,ICAM1
3'-fluorobenzylspiperone,0.2248062015503876,DRD2
mequinol,0.2248062015503876,TYR
ticagrelor,0.2248062015503876,P2RY12
ephedrine,0.2248062015503876,"ACHE, ADRA1A, ADRB2, SLC18A2, SLC6A2"
tetracaine,0.2248062015503876,"SCN10A, SCN11A, SCN1A, SCN2A, SCN3A, SCN4A, SCN5A, SCN7A, SCN8A, SCN9A"
Y-26763,0.2248062015503876,KCNJ8
valsartan,0.2248062015503876,AGTR1
midafotel,0.2248062015503876,"GRIN2A, GRIN2B, GRIN2C, GRIN2D"
mequinol,0.2248062015503876,TYR
succinic-acid,0.2248062015503876,"ALDH5A1, ASPH, BBOX1, HSD17B6, OXCT1, OXCT2, P3H1, P3H2, P3H3, P4HA1, P4HA2, PLOD1, PLOD3, SDHA, SDHB, SDHC, SDHD, SLC13A1, SLC13A2, SLC13A3, SLC25A10, SUCLA2, SUCLG1, SUCLG2, SUCNR1, TMLHE"
zolpidem,0.2248062015503876,"GABRA1, GABRA2, GABRA3"
zonisamide,0.2248062015503876,"CA1, CA10, CA11, CA12, CA13, CA14, CA2, CA3, CA4, CA5A, CA5B, CA6, CA7, CA8, CA9, CACNA1G, CACNA1H, CACNA1I, MAOA, MAOB, SCN10A, SCN11A, SCN1A, SCN1B, SCN2A, SCN2B, SCN3A, SCN3B, SCN4A, SCN4B, SCN5A, SCN7A, SCN8A, SCN9A"
betrixaban,0.2248062015503876,KCNH2
SCH-23390,0.2248062015503876,"DRD1, DRD5, HTR2C, KCNJ4, KCNJ6"
5-methylfurmethiodide,0.2248062015503876,"CHRM1, CHRM2, CHRM3, CHRM4"
VU0361737,0.2248062015503876,GRM4
RN-1747,0.2248062015503876,TRPV4
diethylcarbamazine,0.2248062015503876,"ALOX5, PTGS1"
pentolinium,0.2248062015503876,"CHRNA10, CHRNA3, CHRNA4, CHRNB4"
capsazepine,0.2248062015503876,"TRPV1, TRPV4"
rocuronium,0.2248062015503876,"CHRM2, CHRNA2, HTR3A"
"L-798,106",0.2248062015503876,PTGER3
BMS-387032,0.2248062015503876,"CDK2, CDK7, CDK9"
acetazolamide,0.2248062015503876,"AQP1, CA1, CA12, CA14, CA2, CA3, CA4, CA7"
lacidipine,0.2248062015503876,CACNA1C
AMG-837,0.2248062015503876,FFAR1
pruvanserin,0.2248062015503876,"HTR2A, HTR2C"
pregnenolone,0.2248062015503876,"CYP17A1, SULT2B1"
dopamine,0.2248062015503876,"DBH, DRD1, DRD2, DRD3, DRD4, DRD5, HTR1A, HTR7, SLC6A2, SLC6A3, SLC6A4"
BIBN4096,0.2248062015503876,"CALCA, CALCRL, RAMP1"
ibutamoren,0.2248062015503876,"GHR, GHSR"
terutroban,0.2248062015503876,TBXA2R
ponesimod,0.2248062015503876,S1PR1
flufenamic-acid,0.2248062015503876,"AKR1C3, ANO1, AR, GJA1, GJA10, GJA3, GJA4, GJA5, GJA8, GJA9, GJB1, GJB2, GJB3, GJB4, GJB5, GJB6, GJB7, GJC1, GJC2, GJC3, GJD2, GJD3, GJD4, GJE1, PANX1, PANX2, PANX3, PKD2L1, PTGS1, PTGS2, TRPC5, TRPM2, TRPM5"
pumosetrag,0.2248062015503876,"HTR3A, HTR4"
acarbose,0.2248062015503876,"AMY2A, GAA, MGAM, SI"
nateglinide,0.2248062015503876,"ABCC8, KCNJ10, KCNJ11, PPARG"
anacetrapib,0.2248062015503876,CETP
tecastemizole,0.2248062015503876,KCNH2
laropiprant,0.2248062015503876,"PTGDR, PTGDR2, PTGER1, PTGER2, PTGER3, PTGFR, PTGIR, TBXA2R"
febuxostat,0.2248062015503876,XDH
dosulepin,0.2248062015503876,"CHRM1, CHRM2, CHRM3, CHRM4, CHRM5, HRH1, SLC6A2, SLC6A4"
ripasudil,0.2248062015503876,"ROCK1, ROCK2"
risperidone,0.2248062015503876,"ADRA1A, ADRA1B, ADRA1D, ADRA2A, ADRA2B, ADRA2C, DRD1, DRD2, DRD3, DRD4, HRH1, HTR1A, HTR1B, HTR1D, HTR1E, HTR1F, HTR2A, HTR2C, HTR6, HTR7"
SB-408124,0.2248062015503876,"HCRTR1, HCRTR2"
vortioxetine,0.2248062015503876,"HTR1A, HTR1B, HTR2A, HTR2C, HTR3A, HTR5A, HTR6, HTR7, SLC6A4"
ALX-5407,0.2248062015503876,SLC6A9
formoterol,0.2248062015503876,ADRB2
isobutyramide,0.2248062015503876,"HBE1, HBG1"
remoxipride,0.2248062015503876,"DRD2, DRD3, DRD4, HTR2A, SIGMAR1"
CMPD-1,0.2248062015503876,"GNRHR, MAPK14"
cirazoline,0.2248062015503876,ADRA1A
monobenzone,0.2248062015503876,TYR
zolmitriptan,0.2248062015503876,"HTR1A, HTR1B, HTR1D, HTR1E, HTR1F"
tolterodine,0.2248062015503876,"CHRM1, CHRM2, CHRM3, CHRM4, CHRM5"
proquazone,0.2248062015503876,"PTGS1, PTGS2"
methimazole,0.2248062015503876,TPO
LXR-623,0.2248062015503876,"AR, NR1H2, NR1H3, NR1I2, NR3C1"
captopril,0.2248062015503876,"ACE, LTA4H, MMP2, MMP9"
fosphenytoin,0.2248062015503876,SCN5A
empagliflozin,0.2248062015503876,"SLC5A1, SLC5A2"
amitriptyline,0.2248062015503876,"ADRA1A, ADRA1B, ADRA1D, ADRA2A, ADRB1, ADRB2, ADRB3, CHRM1, CHRM2, CHRM3, CHRM4, CHRM5, HRH1, HRH2, HRH4, HTR1A, HTR1B, HTR1D, HTR2A, HTR2C, HTR6, HTR7, KCNA1, KCND2, KCND3, KCNQ2, KCNQ3, NTRK1, NTRK2, OPRD1, OPRK1, OPRM1, SIGMAR1, SLC6A2, SLC6A4"
butylated-hydroxytoluene,0.2248062015503876,CA2
inositol,0.2248062015503876,"CDIPT, GBA"
lidocaine,0.2248062015503876,"EGFR, SCN10A, SCN11A, SCN1A, SCN2A, SCN3A, SCN4A, SCN5A, SCN7A, SCN8A, SCN9A"
altinicline,0.2248062015503876,"CHRNA4, CHRNB2"
mitiglinide,0.2248062015503876,"ABCC8, KCNJ10, PPARG"
acetohexamide,0.2248062015503876,"ABCC8, KCNJ1, KCNJ10, KCNJ11"
clomipramine,0.2248062015503876,"GSTP1, HTR2A, HTR2B, HTR2C, SLC6A2, SLC6A3, SLC6A4"
ozagrel,0.2248062015503876,TBXAS1
sipatrigine,0.2248062015503876,"CACNA1D, SCN10A, SCN1A, SCN3A, SCN4A, SCN5A, SCN9A"
cinalukast,0.2248062015503876,CYSLTR1
afalanine,0.2248062015503876,DRD2
aprindine,0.2248062015503876,"CALM1, SCN5A"
CITCO,0.2248062015503876,NR1I3
vinpocetine,0.2248062015503876,"PDE1A, PDE1C"
benzoic-acid,0.2248062015503876,"DAO, HRSP12, PRDX5, RAB9A"
CTS-1027,0.2248062015503876,"MMP1, MMP13, MMP2, MMP3, MMP9"
fluvoxamine,0.2248062015503876,SLC6A4
WAY-362450,0.2248062015503876,NR1H4
lorcaserin,0.2248062015503876,"HTR2A, HTR2B, HTR2C"
pipotiazine-palmitate,0.2248062015503876,"DRD1, DRD2, HTR1A, HTR2A"
JNJ-40411813,0.2248062015503876,GRM2
QX-314,0.2248062015503876,"MAPK14, TGFBR1"
flindokalner,0.2248062015503876,"KCNMA1, KCNN4, KCNQ2, KCNQ4, KCNQ5"
Y-39983,0.2248062015503876,"ROCK1, ROCK2"
FG-2216,0.2248062015503876,"EGLN1, EGLN2, HIF1A"
fomepizole,0.2248062015503876,"ADH1A, ADH1B, ADH1C, AKR1A1, CAT"
SAR407899,0.2248062015503876,ROCK1
tripelennamine,0.2248062015503876,HRH1
dabigatran-etexilate,0.2248062015503876,F2
TAK-063,0.2248062015503876,PDE10A
indomethacin,0.2248062015503876,"GLO1, PLA2G2A, PPARA, PPARG, PTGDR2, PTGR2, PTGS1, PTGS2, SLC46A1"
pidolic-acid,0.2248062015503876,"ADAM28, AMY1A, AMY2A, AMY2B, ANG, CCL8, HCRT, IGLC1, KRTAP5-2, TFF2, VEGFA"
ripazepam,0.2248062015503876,GABRA1
tiapride,0.2248062015503876,"DRD2, DRD3"
enalapril,0.2248062015503876,ACE
pentoxifylline,0.2248062015503876,"ADORA1, ADORA2A, ADORA2B, ADRA2B, NT5E, PDE10A, PDE1A, PDE1B, PDE1C, PDE2A, PDE3A, PDE3B, PDE4A, PDE4B, PDE4C, PDE4D, PDE5A, PDE6A, PDE6B, PDE6C, PDE6D, PDE6G, PDE6H, PDE7A, PDE7B, PDE8A, PDE8B, PDE9A, TNF"
org-27569,0.2248062015503876,CNR1
cariprazine,0.2248062015503876,"DRD2, DRD3"
ambroxol,0.2248062015503876,CYP3A4
ADX-47273,0.2248062015503876,GRM5
medrysone,0.2248062015503876,NR3C1
spiperone,0.2248062015503876,"ADRA1A, ADRA1B, ADRA1D, DRD1, DRD2, DRD3, DRD4, DRD5, HTR1A, HTR1D, HTR2A, HTR2B, HTR2C, HTR6, HTR7"
pefloxacin,0.2248062015503876,TOP2A
amoxicillin,0.2248062015503876,"CYP2C19, SLC15A1, SLC15A2, SLC22A6"
amoxicillin,0.2248062015503876,"CYP2C19, SLC15A1, SLC15A2, SLC22A6"
etomidate,0.2248062015503876,"ADRA2B, GABRA1, GABRA2, GABRA3, GABRA4, GABRA5, GABRA6, GABRB1, GABRB2, GABRB3, GABRD, GABRE, GABRG1, GABRG2, GABRG3, GABRP, GABRQ"
fluphenazine,0.2248062015503876,"CALM1, DRD1, DRD2, DRD5, HRH1, HTR2A, HTR6, HTR7"
anpirtoline,0.2248062015503876,HTR1B
AM-404,0.2248062015503876,"CNR1, CNR2, FAAH, TRPV1"
torcetrapib,0.2248062015503876,CETP
carbetocin,0.2248062015503876,OXTR
CO-101244,0.2248062015503876,GRIN2B
latrepirdine,0.2248062015503876,"HRH1, HTR6"
penbutolol,0.2248062015503876,"ADRB1, ADRB2, HTR1A, HTR1B"
SCH-28080,0.2248062015503876,ATP4A
phenytoin,0.2248062015503876,"SCN10A, SCN11A, SCN1A, SCN2A, SCN3A, SCN4A, SCN5A, SCN7A, SCN8A, SCN9A"
alcaftadine,0.2248062015503876,HRH1
RHC-80267,0.2248062015503876,"DAGLA, DAGLB"
SC-19220,0.2248062015503876,PTGER1
"ICI-215,001",0.2248062015503876,ADRB3
alprostadil,0.2248062015503876,"CATSPER1, CATSPER2, CATSPER3, CATSPER4, PTGDR, PTGER1, PTGER2, PTGER4, PTGIR"
kainic-acid,0.2248062015503876,"GRIA1, GRIK1, GRIK2, GRIK3, GRIK4, GRIK5"
ketanserin,0.2248062015503876,"ADRA1A, ADRA1B, ADRA1D, DRD1, DRD5, HTR1A, HTR1B, HTR1D, HTR2A, HTR2B, HTR2C, HTR5A, HTR7, SLC18A1, SLC18A2"
TTNPB,0.2248062015503876,"RARA, RARB, RARG"
SNAP-94847,0.2248062015503876,"ADRA1A, DRD2"
agmatine,0.2248062015503876,"ADRA2C, ASIC3, CACNA1B, CHRNA1, GRIN1, KCNJ1, NISCH"
decamethonium,0.2248062015503876,"ACHE, CHRNA2"
benazepril,0.2248062015503876,ACE
NSC-9965,0.2248062015503876,"CHRNA4, CHRNB2"
etofylline-clofibrate,0.2248062015503876,PPARA
GR-113808,0.2248062015503876,HTR4
baicalin,0.2248062015503876,PREP
RS-67506,0.2248062015503876,HTR4
PF-04447943,0.2248062015503876,PDE9A
docosanol,0.2248062015503876,TLR7
halopemide,0.2248062015503876,"PLD1, PLD2"
GBR-12935,0.2248062015503876,"AGTR1, SLC6A3"
acrivastine,0.2248062015503876,HRH1
fenofibrate,0.2248062015503876,"MMP25, PPARA"
clarithromycin,0.2248062015503876,CYP3A4
alfacalcidol,0.2248062015503876,"CYP27B1, VDR"
alfacalcidol,0.2248062015503876,"CYP27B1, VDR"
ritanserin,0.2248062015503876,"ADRA1A, ADRA1B, ADRA1D, HTR1A, HTR1B, HTR1D, HTR2A, HTR2B, HTR2C, HTR5A, HTR6, HTR7"
SRT2104,0.2248062015503876,SIRT1
methyldopa,0.2248062015503876,"ADRA2A, ADRA2B, ADRA2C, DDC"
methscopolamine,0.2248062015503876,"CHRM1, CHRM2, CHRM3"
dilazep,0.2248062015503876,SLC29A1
iloperidone,0.2248062015503876,"ADRA1A, ADRA2C, DRD1, DRD2, DRD3, DRD4, HRH1, HTR1A, HTR2A, HTR6, HTR7"
OMDM-2,0.2248062015503876,GPR119
sasapyrine,0.2248062015503876,"PTGS1, PTGS2"
PSB-1115,0.2248062015503876,"ADORA1, ADORA2B, ADORA3"
LY2140023,0.2248062015503876,GRM3
securinine,0.2248062015503876,GABRA1
prazosin,0.2248062015503876,"ADRA1A, ADRA1B, ADRA1D, ADRA2A, ADRA2B, ADRA2C, KCNH2, KCNH6, KCNH7"
CV-1808,0.2248062015503876,ADORA2A
etofibrate,0.2248062015503876,PPARA
levetiracetam,0.2248062015503876,"CACNA1B, SCN1A, SV2A"
galantamine,0.2248062015503876,"ACHE, BCHE, CHRNA1, CHRNA10, CHRNA2, CHRNA3, CHRNA4, CHRNA5, CHRNA6, CHRNA7, CHRNA9, CHRNB1, CHRNB2, CHRNB3, CHRNB4, CHRND, CHRNE, CHRNG"
SEP-227900,0.2248062015503876,DAO
meclofenamic-acid,0.2248062015503876,"ALOX5, CNR1, KCNQ2, KCNQ3, PTGS1, PTGS2"
eticlopride,0.2248062015503876,"DRD2, DRD3, DRD4"
clomethiazole,0.2248062015503876,GABRA1
bilastine,0.2248062015503876,HRH1
dapoxetine,0.2248062015503876,"HTR1A, HTR1B, HTR2C, SLC6A4"
ilomastat,0.2248062015503876,"ACAN, ADAM28, MMP1, MMP12, MMP13, MMP14, MMP2, MMP3, MMP8, MMP9"
ilomastat,0.2248062015503876,"ACAN, ADAM28, MMP1, MMP12, MMP13, MMP14, MMP2, MMP3, MMP8, MMP9"
levosulpiride,0.2248062015503876,"CA1, CA12, CA7, DRD2, DRD3"
erythromycin-ethylsuccinate,0.2248062015503876,"ABCB1, ALB, CYP3A4, CYP51A1, KCNH2, MLNR, SLC47A1"
azeliragon,0.2248062015503876,AGER
iodophenpropit,0.2248062015503876,"HRH3, HRH4"
metronidazole,0.2248062015503876,"CYP2C9, CYP3A4"
lazabemide,0.2248062015503876,MAOB
cerulenin,0.2248062015503876,FASN
oxibendazole,0.2248062015503876,"TUBB, TUBB4B"
nandrolone,0.2248062015503876,"AR, CYP19A1, MAOA, MAOB"
CP-339818,0.2248062015503876,KCNA3
GR-159897,0.2248062015503876,"TAC1, TACR2"
amperozide,0.2248062015503876,"FAAH, HTR2A"
clobazam,0.2248062015503876,"GABRA1, GABRA2, GABRA3, GABRA4, GABRA5, GABRA6, GABRB1, GABRB2, GABRB3, GABRD, GABRE, GABRG1, GABRG2, GABRG3, GABRP, GABRQ"
Ro-25-6981,0.2248062015503876,GRIN2B
ritonavir,0.2248062015503876,"CYP1A2, CYP2B6, CYP2C19, CYP2C8, CYP2C9, CYP2D6, CYP2E1, CYP3A4, CYP3A5, CYP3A7"
ranirestat,0.2248062015503876,AKR1B1
GR-103691,0.2248062015503876,DRD3
SRC-kinase-inhibitor-I,0.2248062015503876,"CSK, LCK, RIPK2"
E-2012,0.2248062015503876,"APH1A, APH1B, PSENEN"
capsaicin,0.2248062015503876,"CFTR, TRPV1"
amflutizole,0.2248062015503876,XDH
pancuronium,0.2248062015503876,"CHRM2, CHRM3, CHRNA1, CHRNA2"
tropisetron,0.2248062015503876,"GLRA1, GLRA2, GLRB, HTR3A, HTR4"
tropisetron,0.2248062015503876,"GLRA1, GLRA2, GLRB, HTR3A, HTR4"
sumatriptan,0.2248062015503876,"HTR1A, HTR1B, HTR1D, HTR1E, HTR1F, HTR5A, HTR6, HTR7"
demecarium,0.2248062015503876,"ACHE, BCHE"
ropivacaine,0.2248062015503876,SCN10A
tramadol,0.2248062015503876,"CHRFAM7A, CHRM3, GRIN3A, HTR2C, OPRD1, OPRK1, OPRM1, SLC6A2, SLC6A4"
cobicistat,0.2248062015503876,"CYP3A4, CYP3A43, CYP3A5, CYP3A7"
lurasidone,0.2248062015503876,"ADRA2A, ADRA2C, DRD2, HTR1A, HTR2A, HTR7"
ipragliflozin-l-proline,0.2248062015503876,SLC5A2
sarcosine,0.2248062015503876,SLC6A9
meglitinide,0.2248062015503876,CCR2
phenacemide,0.2248062015503876,"SCN10A, SCN11A, SCN1A, SCN2A, SCN3A, SCN4A, SCN5A, SCN7A, SCN8A, SCN9A"
eluxadoline,0.2248062015503876,"OPRD1, OPRK1, OPRM1"
CT-7758,0.2248062015503876,ITGA4
"1s,2r-phenylpropanolamine",0.2248062015503876,"ADRA1A, ADRA2A, ADRB1, ADRB2, DRD1"
lumiracoxib,0.2248062015503876,"PTGS1, PTGS2"
SB-203186,0.2248062015503876,HTR4
SDZ-220-581,0.2248062015503876,GRIN1
levocetirizine,0.2248062015503876,HRH1
xipamide,0.2248062015503876,SLC12A3
clopidogrel,0.2248062015503876,P2RY12
H-89,0.2248062015503876,"GSG2, PKIA, PRKACA"
Ro-60-0175,0.2248062015503876,"HTR2A, HTR2B, HTR2C"
daltroban,0.2248062015503876,TBXA2R
dolasetron,0.2248062015503876,HTR3A
apafant,0.2248062015503876,PTAFR
cyproheptadine,0.2248062015503876,"ADRA1A, ADRA1B, ADRA1D, CHRM1, CHRM2, CHRM3, HRH1, HTR2A, HTR2C, HTR6, HTR7"
cyproheptadine,0.2248062015503876,"ADRA1A, ADRA1B, ADRA1D, CHRM1, CHRM2, CHRM3, HRH1, HTR2A, HTR2C, HTR6, HTR7"
proguanil,0.2248062015503876,DHFR
ganaxolone,0.2248062015503876,"GABRA1, GABRA2, GABRA3, GABRA4, GABRA5, GABRA6"
alpha-methylhistamine-dihydrobromide-(S)-(+),0.2248062015503876,HRH3
GW-842166,0.2248062015503876,CNR2
pipamperone,0.2248062015503876,"DRD2, HRH1, HTR1A, HTR1B, HTR1D, HTR2A"
KU-55933,0.2248062015503876,"ATM, PRKDC"
blonanserin,0.2248062015503876,"DRD2, HTR2A"
chlorproguanil,0.2248062015503876,DHFR
ezutromid,0.2248062015503876,UTRN
JNJ-16259685,0.2248062015503876,GRM1
LY2784544,0.2248062015503876,"JAK2, JAK3"
2-iodomelatonin,0.2248062015503876,"MTNR1A, MTNR1B, NQO2"
physostigmine,0.2248062015503876,"ACHE, BCHE"
SC-9,0.2248062015503876,PRKCA
BMS-649,0.2248062015503876,RXRA
VX-765,0.2248062015503876,CASP1
desoxycorticosterone-pivalate,0.2248062015503876,NR3C2
adenine,0.2248062015503876,"ACACB, ACP1, APRT, MTAP, PECR, SRPK2"
acamprosate,0.2248062015503876,"GABRA1, GABRA2, GABRA3, GABRA4, GABRA5, GABRA6, GABRB1, GABRB2, GABRB3, GABRD, GABRE, GABRG1, GABRG2, GABRG3, GABRP, GABRQ, GRIN1, GRIN2A, GRIN2B, GRIN2C, GRIN2D, GRIN3A, GRIN3B, GRM5"
OG-L002,0.2248062015503876,KDM1A
quinpirol-(-),0.2248062015503876,"DRD1, DRD2, DRD3, DRD4, HTR1A, HTR2A, HTR2B, HTR2C"
DMAB-anabaseine,0.2248062015503876,CHRNA7
thiocolchicoside,0.2248062015503876,"GABRA1, GABRB2, GABRG2, GLRA1, GLRB"
nitrocaramiphen,0.2248062015503876,CHRM1
A-803467,0.2248062015503876,SCN10A
pyrazinamide,0.2248062015503876,FASN
clemastine,0.2248062015503876,HRH1
MK-8245,0.2248062015503876,SCD
myricitrin,0.2248062015503876,"NOS1, PRKCA"
glucosamine,0.2248062015503876,"IFNG, IL1B, MMP9, NFKB2, TNF"
dexfosfoserine,0.2248062015503876,"CFTR, GRM4, GRM6, GRM7, GRM8, KCNC4, PDPK1, PIM1, PRKACA, PRKCQ, PYGL, PYGM, REG1A, RHO, SERPINB3, SMAD2, TAOK2"
aliskiren-hemifumarate,0.2248062015503876,REN
fenofibric-acid,0.2248062015503876,"CLCN1, PPARA"
1400W,0.2248062015503876,"NOS1, NOS2, NOS3"
dutasteride,0.2248062015503876,"SRD5A1, SRD5A2"
fosfosal,0.2248062015503876,"PTGS1, PTGS2"
timolol,0.2248062015503876,"ADRB1, ADRB2"
torasemide,0.2248062015503876,SLC12A1
sumanirole,0.2248062015503876,DRD2
homoquinolinic-acid,0.2248062015503876,"GRIN1, GRIN2A, GRIN2B, GRIN2C, GRIN2D"
PF-04620110,0.2248062015503876,DGAT1
rifabutin,0.2248062015503876,"HSP90AA1, HSP90B1"
CTEP,0.2248062015503876,GRM5
topiramate,0.2248062015503876,"CA1, CA12, CA2, CA4, CA7, GABRA1, GABRA2, GABRA3, GABRA4, GABRA5, GABRA6, GABRB1, GABRB2, GABRB3, GABRD, GABRE, GABRG1, GABRG2, GABRG3, GABRP, GABRQ, GRIA1, GRIA2, GRIA3, GRIA4, GRIK1, GRIK2, GRIK3, GRIK4, GRIK5, SCN10A, SCN11A, SCN1A, SCN2A, SCN3A, SCN4A, SCN5A, SCN7A, SCN8A, SCN9A"
imidafenacin,0.2248062015503876,"CHRM1, CHRM3"
flunarizine,0.2248062015503876,"CACNA1G, CACNA1H, CACNA1I, CALM1, HRH1"
ziprasidone,0.2248062015503876,"ADRA1A, ADRA1B, ADRA2A, ADRA2B, ADRA2C, CHRM1, CHRM2, CHRM3, CHRM4, CHRM5, DRD1, DRD2, DRD3, DRD4, DRD5, HRH1, HTR1A, HTR1B, HTR1D, HTR1E, HTR2A, HTR2C, HTR3A, HTR6, HTR7, SLC6A4"
zuclopenthixol,0.2248062015503876,"ADRA1A, ADRA2A, DRD1, DRD2, DRD5, HRH1, HTR2A"
ramelteon,0.2248062015503876,"MTNR1A, MTNR1B"
mesalazine,0.2248062015503876,"ALOX5, CHUK, IKBKB, MPO, PPARG, PTGS1, PTGS2"
A922500,0.2248062015503876,DGAT1
PNU-282987,0.2248062015503876,CHRNA7
nicotinamide,0.2248062015503876,"BST1, LDHA, PARP1, SIRT5"
ketotifen,0.2248062015503876,"HRH1, PDE4A, PDE4B, PDE4C, PDE4D, PDE7A, PDE7B, PDE8A, PDE8B, PGD"
ZD-7114,0.2248062015503876,ADRB3
isoflupredone-acetate,0.2248062015503876,NR3C1
eszopiclone,0.2248062015503876,"GABRA1, GABRA2, GABRA3, GABRA4, GABRA5, GABRA6, GABRB1, GABRB2, GABRB3, GABRD, GABRE, GABRG1, GABRG2, GABRG3, GABRP, GABRQ, TSPO"
edoxaban,0.2248062015503876,F10
ebselen,0.2248062015503876,ALB
deserpidine,0.2248062015503876,"ACE, SLC18A2"
amlexanox,0.2248062015503876,"FGF1, IL3, PDE4A, PDE4B, PDE4C, PDE4D, S100A12, S100A13"
sulmetozine,0.2248062015503876,GAST
maprotiline,0.2248062015503876,"ADRA1A, ADRA1B, ADRA1D, ADRA2A, ADRA2B, ADRA2C, CHRM1, CHRM2, CHRM3, CHRM4, CHRM5, DRD2, HRH1, HTR2A, HTR2C, HTR7, SLC6A2"
pirenperone,0.2248062015503876,"HTR2A, HTR7"
mafenide,0.2248062015503876,"CA12, CA14, CA2, CA4, CA6, CA9"
mizolastine,0.2248062015503876,HRH1
desonide,0.2248062015503876,"NR3C1, PLA2G1B"
sufentanil,0.2248062015503876,"OPRD1, OPRK1, OPRM1"
moracizine,0.2248062015503876,SCN5A
xylazine,0.2248062015503876,"ADRA2A, ADRA2B, ADRA2C"
acetohydroxamic-acid,0.2248062015503876,MMP12
cariporide,0.2248062015503876,SLC9A1
BF2.649,0.2248062015503876,HRH3
UNC669,0.2248062015503876,L3MBTL1
benzthiazide,0.2248062015503876,"CA1, CA12, CA2, CA4, CA9, SLC12A3"
"2,4-dinitrophenol",0.2248062015503876,APP
fluorescein,0.2248062015503876,SLC22A6
loxistatin-acid,0.2248062015503876,CTSB
loxistatin-acid,0.2248062015503876,CTSB
diflunisal,0.2248062015503876,"PTGS1, PTGS2"
simvastatin,0.2248062015503876,"HMGCR, ITGB2"
simvastatin,0.2248062015503876,"HMGCR, ITGB2"
desonide,0.2248062015503876,"NR3C1, PLA2G1B"
senicapoc,0.2248062015503876,KCNN4
aminoguanidine,0.2248062015503876,NOS2
rutin,0.2248062015503876,AKR1C3
betazole,0.2248062015503876,HRH2
rufinamide,0.2248062015503876,"GRM5, SCN10A, SCN11A, SCN1A, SCN2A, SCN3A, SCN4A, SCN5A, SCN7A, SCN8A, SCN9A"
BMS-587101,0.2248062015503876,"ITGAL, ITGB2"
atomoxetine,0.2248062015503876,"GRIN1, GRIN2A, GRIN2B, GRIN2C, GRIN2D, GRIN3A, GRIN3B, SLC6A2, SLC6A3, SLC6A4"
dihomo-gamma-linolenic-acid,0.2248062015503876,"PTGS1, PTGS2"
vecuronium,0.2248062015503876,CHRNA2
droxidopa,0.2248062015503876,"ADRA1A, ADRA1B, ADRA1D, ADRA2A, ADRA2B, ADRA2C, ADRB1, ADRB2, ADRB3, PAH"
rutin,0.2248062015503876,AKR1C3
riluzole,0.2248062015503876,"KCNK10, KCNK2, KCNK4, KCNN4, SCN10A, SCN11A, SCN1A, SCN2A, SCN3A, SCN4A, SCN5A, SCN7A, SCN8A, SCN9A, SLC7A11"
RS-56812,0.2248062015503876,HTR3A
dazmegrel,0.2248062015503876,TBXAS1
RS-39604,0.2248062015503876,HTR4
cromoglicic-acid,0.2248062015503876,"KCNMA1, S100P"
VP-20629,0.2248062015503876,"PLA2G2E, SLC36A1"
dextroamphetamine,0.2248062015503876,"ADRA1A, ADRA1B, SLC18A2, SLC6A2, SLC6A3, TAAR1"
selexipag,0.2248062015503876,PTGIR
CH223191,0.2248062015503876,AHR
dalfampridine,0.2248062015503876,"KCNA1, KCNA10, KCNA2, KCNA3, KCNA4, KCNA5, KCNA6, KCNA7, KCNB1, KCNB2, KCNC1, KCNC2, KCNC3, KCNC4, KCND1, KCND2, KCND3, KCNF1, KCNG1, KCNG2, KCNG3, KCNG4, KCNH1, KCNH2, KCNH3, KCNH4, KCNH5, KCNH6, KCNH7, KCNH8, KCNJ13, KCNJ5, KCNQ1, KCNQ2, KCNQ3, KCNQ4, KCNQ5, KCNS1, KCNS2, KCNS3, KCNV1, KCNV2"
metacresol,0.2248062015503876,INS
deoxycorticosterone-acetate,0.2248062015503876,NR3C2
amineptine,0.2248062015503876,"SLC6A2, SLC6A4"
pralidoxime-chloride,0.2248062015503876,"ACHE, BCHE"
TC2559,0.2248062015503876,CHRNA4
fluoxymesterone,0.2248062015503876,"AR, ESR1, NR3C1, PRLR"
methylprednisolone-aceponate,0.2248062015503876,NR3C1
setipiprant,0.2248062015503876,PTGDR2
deoxycorticosterone-acetate,0.2248062015503876,NR3C2
phlorizin,0.2248062015503876,"SLC5A1, SLC5A11, SLC5A2, SLC5A3"
dihydrotestosterone,0.2248062015503876,"AR, HSD17B1"
5-hydroxymethyl-tolterodine,0.2248062015503876,CHRM3
amibegron,0.2248062015503876,ADRB3
procaine,0.2248062015503876,"CHRNA2, GRIN3A, HTR3A, KCNMA1, KCNMB1, KCNMB2, KCNMB3, KCNMB4, KCNN1, KCNN2, KCNN3, KCNN4, MAOA, MAOB, RYR1, RYR2, SCN10A, SLC6A3"
3-bromo-7-nitroindazole,0.2248062015503876,"NOS1, NOS2, NOS3"
solifenacin-succinate,0.2248062015503876,"CHRM1, CHRM2, CHRM3, CHRM4, CHRM5"
SB-683698,0.2248062015503876,"ITGA4, ITGAV, ITGB1, ITGB7"
limaprost-alfadex,0.2248062015503876,PTGER1
SB-269970,0.2248062015503876,HTR7
VU0238429,0.2248062015503876,CHRM5
arsanilic-acid,0.2248062015503876,LYZ
travoprost,0.2248062015503876,PTGFR
WIN-64338,0.2248062015503876,BDKRB2
2-BFI,0.2248062015503876,"ADRA2A, ADRA2B, ADRA2C, MAOA, MAOB"
ABT-239,0.2248062015503876,"HRH1, HRH2, HRH3"
diphenylpyraline,0.2248062015503876,"HRH1, SLC6A3"
zanamivir,0.2248062015503876,NEU2
butaclamol,0.2248062015503876,"DRD1, DRD2, DRD3, DRD4, DRD5, HTR1A, HTR2A"
camicinal,0.2248062015503876,MLNR
AMN-082,0.2248062015503876,GRM7
T-0901317,0.2248062015503876,"NCOA1, NCOA2, NR1H2, NR1H3, NR1I2, RXRB"
dimaprit,0.2248062015503876,"HRH2, HRH3, HRH4"
volinanserin,0.2248062015503876,"HTR2A, HTR2B, HTR2C, KCNH2"
tafamidis-meglumine,0.2248062015503876,TTR
fosaprepitant-dimeglumine,0.2248062015503876,TACR1
coumarin,0.2248062015503876,"CA1, CA12, CA14, CA2, CA4, CA6, CA9, CYP2A6"
BMS-986020,0.2248062015503876,LPAR1
levallorphan,0.2248062015503876,"CHRNA2, OPRM1"
eletriptan,0.2248062015503876,"HTR1A, HTR1B, HTR1D, HTR1E, HTR1F, HTR2B, HTR7"
SC-12267,0.2248062015503876,IL17A
clozapine,0.2248062015503876,"ADRA1A, ADRA1B, ADRA1D, ADRA2A, ADRA2B, ADRA2C, CALY, CHRM1, CHRM2, CHRM3, CHRM4, CHRM5, DRD1, DRD2, DRD3, DRD4, DRD5, HRH1, HRH4, HTR1A, HTR1B, HTR1D, HTR1E, HTR1F, HTR2A, HTR2B, HTR2C, HTR3A, HTR5A, HTR6, HTR7"
glyburide,0.2248062015503876,"ABCA1, ABCB11, ABCC8, ABCC9, CFTR, CPT1A, KCNJ1, KCNJ11, KCNJ5, KCNJ8, SLCO2B1"
m-Chlorophenylbiguanide,0.2248062015503876,"HTR3A, HTR3B"
trientine,0.2248062015503876,CA14
rivaroxaban,0.2248062015503876,F10
astemizole,0.2248062015503876,"HRH1, KCNH1, KCNH2"
mifepristone,0.2248062015503876,"AR, NR1I2, NR3C1, PGR"
mifepristone,0.2248062015503876,"AR, NR1I2, NR3C1, PGR"
conivaptan,0.2248062015503876,"AVPR1A, AVPR2"
sapropterin,0.2248062015503876,"NOS3, PAH, TH, TPH1"
trepibutone,0.2248062015503876,"CHRM1, CHRM2, CHRM3, CHRM4"
zardaverine,0.2248062015503876,PDE4D
GSK256066,0.2248062015503876,PDE4A
MRS-1220,0.2248062015503876,"ADORA2B, ADORA3"
RU-28318,0.2248062015503876,NR3C2
ABT-724,0.2248062015503876,DRD4
acepromazine,0.2248062015503876,"ADRA1A, ADRA1B, DRD1, DRD2, HTR1A, HTR2A"
hydroflumethiazide,0.2248062015503876,"ATP1A1, CA1, CA12, CA2, CA4, CA9, KCNMA1, SLC12A1, SLC12A3"
DMeOB,0.2248062015503876,GRM5
CS-917,0.2248062015503876,FBP1
dolutegravir,0.2248062015503876,"CYP3A4, CYP3A5, CYP3A7, POU2F2, UGT1A1"
rotundine,0.2248062015503876,"DRD1, DRD2, DRD3, HTR1A"
KU-60019,0.2248062015503876,ATM
ABT-702,0.2248062015503876,ADK
chlorprothixene,0.2248062015503876,"CHRM1, CHRM2, CHRM3, CHRM4, CHRM5, DRD1, DRD2, DRD3, HRH1, HTR2A, HTR2B, HTR2C"
chlorprothixene,0.2248062015503876,"CHRM1, CHRM2, CHRM3, CHRM4, CHRM5, DRD1, DRD2, DRD3, HRH1, HTR2A, HTR2B, HTR2C"
aceneuramic-acid,0.2248062015503876,"AZGP1, CES1, MBL2, REG1A, SELE, SELP, SIGLEC1"
nor-Binaltorphimine-dihydrochloride,0.2248062015503876,"OPRD1, OPRK1, OPRM1"
SB-206553,0.2248062015503876,"HTR2A, HTR2B, HTR2C"
verinurad,0.2248062015503876,SLC22A12
copper-histidine,0.2248062015503876,"HAL, HARS, HDC, SLC15A3, SLC15A4, SLC38A3, SLC38A5"
picrotoxinin,0.2248062015503876,"GLRA1, GLRA2, GLRA3, GLRB, HTR3A, HTR3B"
OC000459,0.2248062015503876,PTGDR2
bindarit,0.2248062015503876,"CCL2, CCL7, CCL8"
bufexamac,0.2248062015503876,"HDAC10, HDAC6"
omecamtiv-mecarbil,0.2248062015503876,MYBPC3
stemregenin-1,0.2248062015503876,AHR
LY2183240,0.2248062015503876,FAAH
etidronic-acid,0.2248062015503876,"ATP6V1A, PTPRS"
"L-732,138",0.2248062015503876,"TACR1, TACR2"
vinburnine,0.2248062015503876,"CHRM1, CHRM2, CHRM3, CHRM4"
SDZ-WAG-994,0.2248062015503876,ADORA1
olsalazine,0.2248062015503876,"IFNG, TPMT"
amthamine,0.2248062015503876,HRH2
L-161982,0.2248062015503876,PTGER4
TG-101209,0.2248062015503876,"JAK2, JAK3"
loxapine,0.2248062015503876,"ADRA1A, ADRA1B, ADRA2A, ADRA2B, ADRA2C, ADRB1, CHRM1, CHRM2, CHRM3, CHRM4, CHRM5, DRD1, DRD2, DRD3, DRD4, DRD5, HRH1, HRH2, HRH4, HTR1A, HTR1B, HTR1D, HTR1E, HTR2A, HTR2C, HTR3A, HTR5A, HTR6, HTR7, SLC6A2, SLC6A3, SLC6A4"
loteprednol,0.2248062015503876,NR3C1
cathepsin-inhibitor-1,0.2248062015503876,"CTSB, CTSL, CTSV"
paroxetine,0.2248062015503876,"CHRM1, CHRM2, CHRM3, CHRM4, CHRM5, HTR2A, SLC6A2, SLC6A4"
spermidine,0.2248062015503876,"KCNJ4, TXNRD1"
eltrombopag,0.2248062015503876,MPL
hyoscyamine,0.2248062015503876,"CHRM1, CHRM2, CHRM3, CHRM4"
GR-79236,0.2248062015503876,"ADORA1, ADORA2A"
pentetic-acid,0.2248062015503876,PGD
ditiocarb-sodium-trihydrate,0.2248062015503876,"CA1, CA2, CA4"
efavirenz,0.2248062015503876,"CYP1A2, CYP2B6, CYP2C19, CYP2C9, CYP2D6, CYP3A4"
epirizole,0.2248062015503876,"PTGS1, PTGS2"
4-chlorophenylguanidine,0.2248062015503876,PLAUR
bithionol,0.2248062015503876,"ESR1, ESR2, MCL1"
apraclonidine,0.2248062015503876,"ADRA1A, ADRA2A, ADRA2B, ADRA2C"
clocortolone-pivalate,0.2248062015503876,"NR3C1, PLA2G1B"
traxoprodil,0.2248062015503876,GRIN2B
dabigatran,0.2248062015503876,F2
clonazepam,0.2248062015503876,"GABRA1, GABRA2, GABRA3, GABRA4, GABRA5, GABRA6, GABRB1, GABRB2, GABRB3, GABRD, GABRE, GABRG1, GABRG2, GABRG3, GABRP, GABRQ, TSPO"
bumetanide,0.2248062015503876,"CFTR, GPR35, SLC12A1, SLC12A2, SLC12A4, SLC12A5"
domperidone,0.2248062015503876,"DRD2, DRD3"
3-AQC,0.2248062015503876,HTR3A
thiamet-g,0.2248062015503876,MGEA5
imipramine,0.2248062015503876,"ADRA1A, ADRA1B, ADRA1D, CHRM1, CHRM2, CHRM3, CHRM4, CHRM5, DRD1, DRD2, DRD5, HRH1, HTR1A, HTR2A, HTR2C, HTR6, HTR7, KCND2, KCND3, KCNH1, KCNH2, SLC6A2, SLC6A3, SLC6A4"
cilomilast,0.2248062015503876,"PDE4A, PDE4B, PDE4D"
serotonin,0.2248062015503876,"DRD1, DRD5, HTR1A, HTR1B, HTR1D, HTR1E, HTR1F, HTR2A, HTR2B, HTR2C, HTR3A, HTR3B, HTR4, HTR5A, HTR6, HTR7, SLC36A1"
roxithromycin,0.2248062015503876,"ABCB1, MLNR"
beta-amyloid-synthesis-inhibitor,0.2248062015503876,APP
PD-128907,0.2248062015503876,"DRD2, DRD3"
hesperidin,0.2248062015503876,CACNA1B
TRV130,0.2248062015503876,OPRM1
yohimbine,0.2248062015503876,"ADRA2A, ADRA2B, ADRA2C, DRD2, DRD3, HTR1A, HTR1B, HTR1D, HTR1E, HTR1F, HTR2A, HTR2B, HTR2C, HTR5A, HTR7, KCNJ1, KCNJ10, KCNJ11, KCNJ12, KCNJ14, KCNJ15, KCNJ8"
levothyroxine,0.2248062015503876,"THRA, THRB"
adapalene,0.2248062015503876,"RARA, RARB, RARG, RXRA, RXRB, RXRG"
primidone,0.2248062015503876,"CHRNA4, CHRNA7, GABRA1, GABRA2, GABRA3, GABRA4, GABRA5, GABRA6, GABRB1, GABRB2, GABRB3, GABRD, GABRE, GABRG1, GABRG2, GABRG3, GABRP, GABRQ, GRIA2, GRIK2, SCN10A, SCN11A, SCN1A, SCN2A, SCN3A, SCN4A, SCN5A, SCN7A, SCN8A, SCN9A"
etomoxir,0.2248062015503876,CPT1A
disulfiram,0.2248062015503876,"ALDH2, DBH"
vonoprazan,0.2248062015503876,ATP4A
azathioprine,0.2248062015503876,"HPRT1, IMPDH1, PPAT"
guanfacine,0.2248062015503876,"ADRA2A, ADRA2B, ADRA2C"
guanfacine,0.2248062015503876,"ADRA2A, ADRA2B, ADRA2C"
gentiopicrin,0.2248062015503876,GRIN2B
tolazamide,0.2248062015503876,"ABCC8, KCNJ1, KCNJ10, KCNJ11"
L-NAME,0.2248062015503876,NOS3
deoxyepinephrine,0.2248062015503876,"ADRA1A, DRD1, DRD2"
imetit,0.2248062015503876,"HRH3, HRH4"
dextromethorphan,0.2248062015503876,"CHRNA2, CHRNA3, CHRNA4, CHRNA7, CHRNB2, CHRNB4, CYBA, CYBB, GRIN3A, NCF1, NCF2, NCF4, OPRD1, OPRK1, OPRM1, PGRMC1, RAC1, RAC2, SIGMAR1, SLC6A2, SLC6A4"
indinavir,0.2248062015503876,"CYP3A4, CYP3A5, CYP3A7"
miglustat,0.2248062015503876,UGCG
alpha-linolenic-acid,0.2248062015503876,"ELOVL4, FADS1, FADS2, FFAR1, FFAR4, PTGS2, SLC8A1, TRPV1"
MBX-2982,0.2248062015503876,GPR119
LX1031,0.2248062015503876,TPH1
levomepromazine,0.2248062015503876,"ADRA1A, ADRA1B, ADRA1D, ADRA2A, ADRA2B, ADRA2C, CHRM1, CHRM2, CHRM3, CHRM4, CHRM5, DRD1, DRD2, DRD3, DRD4, DRD5, HRH1, HTR2A, HTR2C"
1-phenylbiguanide,0.2248062015503876,"HTR3A, HTR3B"
SB-216641,0.2248062015503876,"HTR1A, HTR1B, HTR1D, HTR2A, HTR2B, HTR2C"
BMY-7378,0.2248062015503876,"ADRA1A, ADRA1B, ADRA1D, HTR1A"
donitriptan,0.2248062015503876,"HTR1A, HTR1B, HTR1D, HTR1E, HTR1F, HTR2A, HTR5A, HTR6"
dimethyl-fumarate,0.2248062015503876,KEAP1
ivabradine,0.2248062015503876,"HCN1, HCN3, HCN4"
PF-3274167,0.2248062015503876,"AVPR1A, OXTR"
AZD9668,0.2248062015503876,ELANE
AZD7687,0.2248062015503876,DGAT1
oxypurinol,0.2248062015503876,XDH
PF-02545920,0.2248062015503876,PDE10A
olvanil,0.2248062015503876,"CNR1, GPR119, TRPV1"
rimexolone,0.2248062015503876,"NR3C1, SERPINA6"
DAU-5884,0.2248062015503876,CHRM3
pemirolast,0.2248062015503876,HRH1
JNJ-37822681,0.2248062015503876,DRD2
levobunolol,0.2248062015503876,"ADRB1, ADRB2, ADRB3"
levocabastine,0.2248062015503876,"HRH1, NTSR2"
ditolylguanidine,0.2248062015503876,"GRIN1, GRIN2A, GRIN2B, SIGMAR1"
flibanserin,0.2248062015503876,"DRD4, HTR1A, HTR2A"
bunazosin,0.2248062015503876,ADRA1A
6-chloromelatonin,0.2248062015503876,"MTNR1A, MTNR1B"
PD-123319,0.2248062015503876,AGTR2
levodopa,0.2248062015503876,"DRD1, DRD2, DRD3, DRD4, DRD5, GPR143"
glimepiride,0.2248062015503876,"ABCC8, KCNJ1, KCNJ11"
adoprazine,0.2248062015503876,"DRD2, HTR1A"
theobromine,0.2248062015503876,"ADORA1, ADORA2A, PDE4B"
enprofylline,0.2248062015503876,"ADORA1, ADORA2A, ADORA2B, ADORA3, PDE4A, PDE4B"
taranabant,0.2248062015503876,CNR1
prucalopride,0.2248062015503876,HTR4
levonorgestrel,0.2248062015503876,"AR, ESR1, PGR, SRD5A1"
methylprednisolone,0.2248062015503876,NR3C1
ciclesonide,0.2248062015503876,"NR3C1, SERPINA6"
examorelin,0.2248062015503876,"GHRHR, GHSR"
LY223982,0.2248062015503876,LTB4R
SR-59230A,0.2248062015503876,"ADRB1, ADRB2, ADRB3"
alrestatin,0.2248062015503876,AKR1B1
GP2a,0.2248062015503876,CNR2
levalbuterol,0.2248062015503876,ADRB2
moexipril,0.2248062015503876,"ACE, ACE2"
trimethobenzamide,0.2248062015503876,DRD2
5-BDBD,0.2248062015503876,P2RX4
difluprednate,0.2248062015503876,NR3C1
methylnaltrexone,0.2248062015503876,"OPRD1, OPRK1, OPRM1"
lubiprostone,0.2248062015503876,CLCN2
lubiprostone,0.2248062015503876,CLCN2
GW-3965,0.2248062015503876,"NR1H2, NR1H3"
arofylline,0.2248062015503876,PDE4A
ZK-93423,0.2248062015503876,"GABRA1, GABRA2, GABRA3, GABRA5, GABRB2, GABRG2"
betamethasone-valerate,0.2248062015503876,NR3C1
delavirdine,0.2248062015503876,CYP3A4
tracazolate,0.2248062015503876,GABRA1
L-365260,0.2248062015503876,"CCKAR, CCKBR, KCNQ1"
LY215490,0.2248062015503876,"GRIA1, GRIA2, GRIA3, GRIA4, GRIK1"
CGP-71683,0.2248062015503876,NPY5R
imidapril,0.2248062015503876,ACE
foropafant,0.2248062015503876,PTAFR
oxybenzone,0.2248062015503876,LIPE
fluocinonide,0.2248062015503876,"NR3C1, SERPINA6, SMO"
ufenamate,0.2248062015503876,"PTGS1, PTGS2"
pimavanserin,0.2248062015503876,"DRD2, HTR2A"
FK-888,0.2248062015503876,"TACR1, TACR2"
entacapone,0.2248062015503876,COMT
metirosine,0.2248062015503876,TH
tryptophan,0.2248062015503876,"CASR, IDO1, SLC36A1, WARS, WARS2"
glutamine-(l),0.2248062015503876,"CTPS1, GLUL, GPRC6A, PPAT"
candesartan,0.2248062015503876,AGTR1
7-chlorokynurenic-acid,0.2248062015503876,"GRIN1, GRIN2A, GRIN2B, GRIN2C"
L-693403,0.2248062015503876,"DRD2, SIGMAR1"
BRL-50481,0.2248062015503876,"PDE7A, PDE7B"
pralidoxime,0.2248062015503876,"ACHE, BCHE"
sodium-tetradecyl-sulfate,0.2248062015503876,"PROC, PROS1"
agomelatine,0.2248062015503876,"HTR2A, HTR2B, HTR2C, MTNR1A, MTNR1B"
riociguat,0.2248062015503876,"GUCY1A2, GUCY1A3, GUCY1B2, GUCY1B3"
almorexant,0.2248062015503876,"HCRTR1, HCRTR2"
IOWH032,0.2248062015503876,CFTR
barbital,0.2248062015503876,"CHRNA4, CHRNA7, GABRA1, GABRA2, GABRA3, GABRA4, GABRA5, GABRA6, GRIA2, GRIK2"
chloropyramine,0.2248062015503876,HRH1
T-5224,0.2248062015503876,JUN
"3,3'-dichlorobenzaldazine",0.2248062015503876,GRM5
N6022,0.2248062015503876,ADH5
tolmetin,0.2248062015503876,"PTGS1, PTGS2"
tolonidine,0.2248062015503876,ADRA2A
dazoxiben,0.2248062015503876,TBXAS1
loratadine,0.2248062015503876,HRH1
Ro-15-4513,0.2248062015503876,"GABRA1, GABRA2, GABRA3, GABRA4, GABRA5, GABRA6, GABRB2, GABRG2"
repaglinide,0.2248062015503876,"ABCC8, KCNJ11, PPARG"
rosuvastatin,0.2248062015503876,HMGCR
pilsicainide,0.2248062015503876,SCN5A
GW-0742,0.2248062015503876,PPARD
alogliptin,0.2248062015503876,DPP4
RS-102895,0.2248062015503876,CCR2
etofylline,0.2248062015503876,ADORA1
olmesartan,0.2248062015503876,AGTR1
AZD1981,0.2248062015503876,PTGDR2
dimethindene-(S)-(+),0.2248062015503876,HRH1
BMY-45778,0.2248062015503876,PTGIR
sirolimus,0.2248062015503876,"FGF2, FKBP1A, MTOR"
SB-271046,0.2248062015503876,HTR6
benzamil,0.2248062015503876,"ASIC1, PKD2L1, SCNN1A, SCNN1B, SCNN1D, SCNN1G, SLC8A1"
PF-04457845,0.2248062015503876,FAAH
chloroprocaine,0.2248062015503876,"ATP1A1, CHRNA10, GRIN3A, HTR3A, SCN10A, SLC6A3"
cabergoline,0.2248062015503876,"ADRA1A, ADRA1B, ADRA1D, ADRA2A, ADRA2B, ADRA2C, ADRB1, ADRB2, DRD1, DRD2, DRD3, DRD4, DRD5, HTR1A, HTR1B, HTR1D, HTR2A, HTR2B, HTR2C, HTR7"
dofetilide,0.2248062015503876,"KCNH1, KCNH2, KCNJ12, KCNK2"
phenelzine,0.2248062015503876,"ABAT, AOC3, GAD2, GPT, GPT2, MAOA, MAOB, SLC6A2, SLC6A3, SLC6A4"
RS-102221,0.2248062015503876,"HTR2A, HTR2B, HTR2C"
carbimazole,0.2248062015503876,TPO
isoniazid,0.2248062015503876,"CYP1A2, CYP2C19, CYP2C8, CYP2E1, CYP3A4"
landiolol,0.2248062015503876,ADRB1
prinaberel,0.2248062015503876,"ESR2, NCOA1"
beta-CCB,0.2248062015503876,"GABRA1, GABRG2"
norepinephrine,0.2248062015503876,"ADRA1A, ADRA1B, ADRA1D, ADRA2A, ADRA2B, ADRA2C, ADRB1, ADRB2, ADRB3, PAH, SLC18A1, SLC18A2"
RS-504393,0.2248062015503876,"CCL2, CCR2"
LY456236,0.2248062015503876,GRM1
piretanide,0.2248062015503876,"SLC12A1, SLC12A2"
fingolimod,0.2248062015503876,"S1PR1, S1PR5"
RS-79948,0.2248062015503876,ADRA2A
eliglustat,0.2248062015503876,UGCG
darunavir,0.2248062015503876,CYP3A4
ivermectin,0.2248062015503876,"CHRNA7, GABRB3, GLRA3, P2RX7"
ramosetron,0.2248062015503876,HTR3A
pilocarpine,0.2248062015503876,"CHRM1, CHRM2, CHRM3, CHRM4, CHRM5"
tolbutamide,0.2248062015503876,"ABCC8, KCNJ1, KCNJ11, KCNJ8"
otilonium,0.2248062015503876,CACNA1C
sobetirome,0.2248062015503876,"THRA, THRB"
perospirone,0.2248062015503876,"DRD2, DRD3, DRD4"
ivermectin,0.2248062015503876,"CHRNA7, GABRB3, GLRA3, P2RX7"
kynurenic-acid,0.2248062015503876,"GPR35, GRIN1, GRIN2A, GRIN2B"
allopurinol,0.2248062015503876,XDH
prednisone,0.2248062015503876,"HSD11B1, NR3C1"
VU0357121,0.2248062015503876,GRM5
cortisone-acetate,0.2248062015503876,NR3C1
cortisone-acetate,0.2248062015503876,NR3C1
eltoprazine,0.2248062015503876,"HTR1A, HTR1B"
dipyridamole,0.2248062015503876,"ADA, PDE10A, PDE1A, PDE1B, PDE1C, PDE2A, PDE3A, PDE3B, PDE4A, PDE4B, PDE4C, PDE4D, PDE5A, PDE6A, PDE6B, PDE6C, PDE6D, PDE6G, PDE6H, PDE7A, PDE7B, PDE8A, PDE8B, PDE9A, SLC29A1"
allopurinol,0.2248062015503876,XDH
carmoxirole,0.2248062015503876,DRD2
acetylcholine,0.2248062015503876,"ACHE, CHRM1, CHRM2, CHRM3, CHRM4, CHRM5, CHRNA2"
SB-200646,0.2248062015503876,"HTR2B, HTR2C"
Ro-10-5824,0.2248062015503876,DRD4
albendazole,0.2248062015503876,"TUBA1A, TUBB, TUBB4B"
benperidol,0.2248062015503876,DRD2
cyclizine,0.2248062015503876,"HRH1, SULT1E1"
bavisant,0.2248062015503876,HRH3
metformin,0.2248062015503876,"ACACB, PRKAB1"
inosine,0.2248062015503876,"PARP1, PNP"
inosine,0.2248062015503876,"PARP1, PNP"
GKT137831,0.2248062015503876,"NOX1, NOX4"
idalopirdine,0.2248062015503876,HTR6
UBP-302,0.2248062015503876,GRIK1
sildenafil,0.2248062015503876,"PDE5A, PDE6G, PDE6H, SLCO1B1, SLCO1B3"
pozanicline,0.2248062015503876,"CHRNA4, CHRNB2"
gabazine,0.2248062015503876,"GABRA1, GABRA2, GABRA3, GABRA4, GABRA5, GABRA6, GABRG2"
rivanicline,0.2248062015503876,"CHRNA4, CHRNB2, CXCL8"
alpha-methylhistamine-dihydrobromide-(R)-(-),0.2248062015503876,HRH3
IEM1754,0.2248062015503876,GRIA1
proxymetacaine,0.2248062015503876,"SCN10A, SCN5A"
FPL-64176,0.2248062015503876,"CACNA1C, CACNA1S"
aminosalicylate,0.2248062015503876,"ALOX5, CHUK, PLA2G2E, PTGS1, PTGS2"
menadione,0.2248062015503876,"AOX1, BGLAP, F10, F2, F7, F9, GGCX, NQO1, NQO2, PROC, PROS1, PROZ, VKORC1, VKORC1L1"
hydroxyfasudil,0.2248062015503876,"PKIA, PRKACA, ROCK1"
azatadine,0.2248062015503876,HRH1
fluspirilene,0.2248062015503876,"CACNG1, DRD2, HRH1, HTR1A, HTR1D, HTR1E, HTR2A"
mebendazole,0.2248062015503876,"TUBA1A, TUBB, TUBB4B"
furosemide,0.2248062015503876,"CA2, GPR35, SLC12A1, SLC12A2"
GW-788388,0.2248062015503876,"LCK, MAPK14, TGFBR1"
enoxacin,0.2248062015503876,TOP2A
glycitein,0.2248062015503876,TNF
SB-742457,0.2248062015503876,HTR6
PF-4981517,0.2248062015503876,CYP3A4
LY320135,0.2248062015503876,CNR1
bromperidol,0.2248062015503876,DRD2
lemborexant,0.2248062015503876,"HCRTR1, HCRTR2"
procaterol,0.2248062015503876,ADRB2
leflunomide,0.2248062015503876,"AHR, DHODH, PTK2B"
aspartame,0.2248062015503876,"TAS1R2, TRPV1"
otamixaban,0.2248062015503876,F10
aminosalicylate,0.2248062015503876,"ALOX5, CHUK, PLA2G2E, PTGS1, PTGS2"
desloratadine,0.2248062015503876,HRH1
SB-239063,0.2248062015503876,"MAPK11, MAPK14, PTGS2"
PP-121,0.2248062015503876,"ABL1, EGFR, HCK, KDR, MTOR, PDGFRA, PIK3CA, PIK3CB, PIK3CD, PIK3CG, PRKDC, SRC"
roxatidine-acetate,0.2248062015503876,HRH2
triclabendazole,0.2248062015503876,DNMT1
gavestinel,0.2248062015503876,GLRB
DFB,0.2248062015503876,GRM5
CGH2466,0.2248062015503876,"ADORA1, ADORA2B, ADORA3"
sertraline,0.2248062015503876,"SLC6A3, SLC6A4"
hydralazine,0.2248062015503876,"AOC3, P4HA1"
VTP-27999,0.2248062015503876,REN
amfenac,0.2248062015503876,"PTGS1, PTGS2"
flucytosine,0.2248062015503876,DNMT1
isosorbide-mononitrate,0.2248062015503876,"GUCY1A2, GUCY1A3, GUCY1B2, GUCY1B3"
tramiprosate,0.2248062015503876,APP
dicoumarol,0.2248062015503876,"CRYZ, NQO1, VKORC1"
propofol,0.2248062015503876,"FAAH, GABRA1, GABRA2, GABRA3, GABRA4, GABRA5, GABRA6, GABRB1, GABRB2, GABRB3, GABRD, GABRE, GABRG1, GABRG2, GABRG3, GABRP, GABRQ, SCN2A, SCN4A"
adrenalone,0.2248062015503876,ADRA1A
AQ-RA741,0.2248062015503876,CHRM2
dinoprost,0.2248062015503876,"PTGDR, PTGDR2, PTGER1, PTGER2, PTGER3, PTGER4, PTGFR, PTGIR, TBXA2R"
gliquidone,0.2248062015503876,"ABCC8, KCNJ10, KCNJ8"
taurocholate,0.2248062015503876,"CEL, FABP6, SLCO1C1"
debrisoquin,0.2248062015503876,SLC6A2
zamifenacin,0.2248062015503876,CHRM3
SB-258585,0.2248062015503876,HTR6
N-acetyl-D-glucosamine,0.2248062015503876,"B4GALT1, B4GALT2, B4GALT3, B4GALT4, NAGK, NAGLU, NAGPA, RENBP"
indocyanine-green,0.2248062015503876,SLCO1B1
Ro-19-4605,0.2248062015503876,"GABRA1, GABRA2, GABRA3, GABRA5"
haloperidol-decanoate,0.2248062015503876,"DRD2, DRD3, DRD4, HTR2A"
edrophonium,0.2248062015503876,"ACHE, BCHE"
PNU-142633,0.2248062015503876,HTR1D
dantrolene,0.2248062015503876,"RYR1, RYR3"
4-mu-8C,0.2248062015503876,ERN1
zomepirac,0.2248062015503876,PTGDR2
JTE-607,0.2248062015503876,"IL10, IL1B, IL6, TNF"
tacrine,0.2248062015503876,"ACHE, BCHE"
AC-264613,0.2248062015503876,F2RL1
CK-636,0.2248062015503876,"ACTR2, ACTR3, ARPC1B, ARPC2, ARPC3, ARPC4, ARPC5"
urea,0.2248062015503876,"ARG1, CA2, CTNNB1"
mizoribine,0.2248062015503876,IMPDH1
metharbital,0.2248062015503876,"CHRNA4, CHRNA7, GABRA1, GABRA2, GABRA3, GABRA4, GABRA5, GABRA6, GABRB1, GABRB2, GABRB3, GABRD, GABRE, GABRG1, GABRG2, GABRG3, GABRP, GABRQ, GRIA2, GRIK2"
SRT1720,0.2248062015503876,SIRT1
tetrabenazine,0.2248062015503876,"DRD2, SLC18A1, SLC18A2"
trapidil,0.2248062015503876,PDGFRA
darifenacin,0.2248062015503876,"CHRM1, CHRM2, CHRM3, CHRM4, CHRM5"
thiamine,0.2248062015503876,"SLC19A2, SLC19A3, TPK1"
MK-3697,0.2248062015503876,HCRTR2
LY344864,0.2248062015503876,"HTR1A, HTR1B, HTR1D, HTR1E, HTR1F, HTR2A, HTR2B, HTR2C, HTR7"
reserpine,0.2248062015503876,"SLC18A1, SLC18A2"
deflazacort,0.2248062015503876,NR3C1
NPY-5RA972,0.2248062015503876,NPY5R
metaraminol,0.2248062015503876,ADRA1A
Y-320,0.2248062015503876,IL17A
GW-7647,0.2248062015503876,PPARA
phentermine,0.2248062015503876,"MAOA, MAOB, SLC6A2, SLC6A3, SLC6A4"
linagliptin,0.2248062015503876,DPP4
AV-608,0.2248062015503876,TACR1
PA-824,0.2248062015503876,FASN
BMS-191011,0.2248062015503876,KCNMA1
RN-1734,0.2248062015503876,TRPV4
WAY-213613,0.2248062015503876,SLC1A2
telotristat-ethyl,0.2248062015503876,TPH1
suvorexant,0.2248062015503876,"HCRTR1, HCRTR2"
fluocinolone-acetonide,0.2248062015503876,"NR3C1, SERPINA6"
BML-190,0.2248062015503876,CNR2
diosmin,0.2248062015503876,AHR
mevastatin,0.2248062015503876,HMGCR
mevastatin,0.2248062015503876,HMGCR
LY2811376,0.2248062015503876,BACE1
taxifolin,0.2248062015503876,ADIPOR2
OLDA,0.2248062015503876,GPR119
tofisopam,0.2248062015503876,"CYP3A4, PDE10A, PDE2A, PDE3A, PDE4A"
ataluren,0.2248062015503876,DMD
beta-funaltrexamine,0.2248062015503876,"OPRD1, OPRK1, OPRM1"
probenecid,0.2248062015503876,"PANX1, SLC22A11, SLC22A6, SLC22A8, SLCO1C1"
asenapine,0.2248062015503876,"ADRA1A, ADRA2A, ADRA2B, ADRA2C, ADRB1, ADRB2, DRD1, DRD2, DRD3, DRD4, HRH1, HRH2, HTR1A, HTR1B, HTR1D, HTR1E, HTR2A, HTR2B, HTR2C, HTR5A, HTR6, HTR7"
SB-657510,0.2248062015503876,UTS2R
cipemastat,0.2248062015503876,"ADAM17, MMP1, MMP13, MMP2, MMP3, MMP8, MMP9"
itopride,0.2248062015503876,"CHRM3, DRD2"
SKF-86002,0.2248062015503876,"ALOX5, MAPK14"
naltrexone,0.2248062015503876,"OPRD1, OPRK1, OPRM1, SIGMAR1"
chlorzoxazone,0.2248062015503876,"KCNMA1, KCNN4"
beclomethasone-dipropionate,0.2248062015503876,"GPR97, NR3C1"
beclomethasone-dipropionate,0.2248062015503876,"GPR97, NR3C1"
rupatadine,0.2248062015503876,"HRH1, PTAFR"
epalrestat,0.2248062015503876,AKR1B1
compound-w,0.2248062015503876,BACE1
GR46611,0.2248062015503876,HTR1D
SIB-1757,0.2248062015503876,GRM5
IOX2,0.2248062015503876,"EGLN1, KDM2A, KDM5C"
nicorandil,0.2248062015503876,KCNJ11
L-165041,0.2248062015503876,PPARD
desoxycortone,0.2248062015503876,"NR3C1, NR3C2"
clonidine,0.2248062015503876,"ADRA1A, ADRA1B, ADRA1D, ADRA2A, ADRA2B, ADRA2C"
GSK-0660,0.2248062015503876,PPARD
niflumic-acid,0.2248062015503876,"ANO1, CLCN1, CLCNKA, CLCNKB, KCNQ1, PLA2G1B, PLA2G4A, PTGS1, PTGS2, UGT1A9"
flumazenil,0.2248062015503876,"GABRA1, GABRA2, GABRA3, GABRA4, GABRA5, GABRA6, GABRB1, GABRB2, GABRB3, GABRD, GABRE, GABRG1, GABRG2, GABRG3, GABRP, GABRQ"
felbamate,0.2248062015503876,"GRIN1, GRIN2A, GRIN2B, GRIN2C, GRIN2D, GRIN3A, GRIN3B"
aminophylline,0.2248062015503876,"ADORA1, ADORA2A, ADORA2B, ADORA3, HDAC2, PDE3A, PDE3B, PDE4A, PDE4B, PDE4C, PDE4D"
chlorpropamide,0.2248062015503876,"ABCC8, KCNJ10, KCNJ11"
pirfenidone,0.2248062015503876,"FURIN, TNF"
L-Aspartic-Acid,0.2248062015503876,"ACY1, ACY3, ADSS, ADSSL1, ASNS, ASPA, ASPH, ASRGL1, ASS1, CAD, DARS, DARS2, GOT1, GOT2, GRIN1, GRIN2A, GRIN2B, GRIN2C, GRIN2D, LYZ, PAICS, RNASE1, SLC1A1, SLC25A12, SLC25A13"
gonadorelin,0.2248062015503876,"GNRHR, GNRHR2"
deferasirox,0.2248062015503876,CYP3A4
capadenoson,0.2248062015503876,ADORA1
pranlukast,0.2248062015503876,"CYSLTR1, CYSLTR2, IL5, MUC2, NFKB1, RNASE3, TNF"
pranlukast,0.2248062015503876,"CYSLTR1, CYSLTR2, IL5, MUC2, NFKB1, RNASE3, TNF"
azacyclonol,0.2248062015503876,HRH1
droperidol,0.2248062015503876,"ADRA1A, DRD2, DRD3, DRD4, HTR2A"
amiloride,0.2248062015503876,"AOC1, ASIC1, ASIC2, ASIC3, PKD2, PKD2L1, PLAU, SCNN1A, SCNN1B, SCNN1D, SCNN1G, SLC9A1, TRPC7, TRPV2"
mepyramine,0.2248062015503876,HRH1
benidipine,0.2248062015503876,"CACNA1C, CACNA1G"
thiothixene,0.2248062015503876,"DRD1, DRD2, HRH1, HTR2A"
quercetin,0.2248062015503876,"ATP5A1, ATP5B, ATP5C1, HCK, HIBCH, PIK3CG, PIM1, STK17B, UGT3A1"
netupitant,0.2248062015503876,TACR1
dihydroergocristine,0.2248062015503876,"ADRA1A, ADRB1, DRD1, DRD2, DRD3, DRD4, DRD5, HTR1A, HTR2A, HTR3A, HTR4, HTR5A, HTR6, HTR7"
gestrinone,0.2248062015503876,"AR, ESR1, PGR"
melatonin,0.2248062015503876,"ASMT, CALM1, CALR, EPX, ESR1, HTR2B, MPO, MTNR1A, MTNR1B, NQO2, RORB"
TWS-119,0.2248062015503876,"GSK3B, JUN, MYC"
taltirelin,0.2248062015503876,TRHR
ingenol-mebutate,0.2248062015503876,"PRKCA, PRKCB, PRKCD, PRKCE, PRKCG"
phentolamine,0.2248062015503876,"ADRA1A, ADRA1B, ADRA1D, ADRA2A, ADRA2B, ADRA2C"
vincamine,0.2248062015503876,"CHRM1, CHRM2, CHRM3, CHRM4"
2-oxoglutaric-acid,0.2248062015503876,OXGR1
trifluoperazine,0.2248062015503876,"ADRA1A, CALM1, CALY, DRD2, DRD4, HRH1, HTR2A, HTR2C, S100A4, TNNC1"
retigabine,0.2248062015503876,"KCNQ1, KCNQ2, KCNQ3, KCNQ4, KCNQ5"
chlorpromazine,0.2248062015503876,"ADRA1A, ADRA1B, ADRA1D, ADRA2A, ADRA2B, ADRA2C, CALM1, CHRM1, CHRM3, DRD1, DRD2, DRD3, DRD4, DRD5, HRH1, HRH4, HTR1A, HTR2A, HTR2B, HTR2C, HTR6, HTR7, KCNH2, ORM1, ORM2, SMPD1, TRPC5"
spironolactone,0.2248062015503876,"AR, CACNA1A, CACNA1B, CACNA1C, CACNA1D, CACNA1F, CACNA1G, CACNA1H, CACNA1I, CACNA1S, CACNA2D1, CACNA2D2, CACNA2D3, CACNB1, CACNB2, CACNB3, CACNB4, CACNG1, CYP11B2, NR3C1, NR3C2, PGR, SHBG"
spironolactone,0.2248062015503876,"AR, CACNA1A, CACNA1B, CACNA1C, CACNA1D, CACNA1F, CACNA1G, CACNA1H, CACNA1I, CACNA1S, CACNA2D1, CACNA2D2, CACNA2D3, CACNB1, CACNB2, CACNB3, CACNB4, CACNG1, CYP11B2, NR3C1, NR3C2, PGR, SHBG"
butenafine,0.2248062015503876,SQLE
L-655240,0.2248062015503876,PTGES
nefazodone,0.2248062015503876,"ADRA1A, ADRA1B, ADRA2A, CYP3A4, HTR1A, HTR2A, HTR2C, SLC6A2, SLC6A3, SLC6A4"
RS-127445,0.2248062015503876,"HTR2A, HTR2B, HTR2C"
canagliflozin,0.2248062015503876,"SLC5A1, SLC5A2"
propantheline,0.2248062015503876,"CHRM1, CHRM2, CHRM3, CHRM4"
indiplon,0.2248062015503876,GABRA1
etilevodopa,0.2248062015503876,DRD3
rotigotine,0.2248062015503876,"ADRA2B, DRD1, DRD2, DRD3, DRD4, DRD5, HTR1A"
tagatose,0.2248062015503876,PYGL
pirenzepine,0.2248062015503876,"CHRM1, CHRM2, CHRM3, CHRM4, CHRM5"
tadalafil,0.2248062015503876,"PDE11A, PDE5A"
chlorothiazide,0.2248062015503876,"CA1, CA2, CA4, SLC12A3"
naltrexone,0.2248062015503876,"OPRD1, OPRK1, OPRM1, SIGMAR1"
GW-4064,0.2248062015503876,NR1H4
trimetazidine,0.2248062015503876,ACAA2
pyrimethamine,0.2248062015503876,"DHFR, SLC47A1"
CI-976,0.2248062015503876,"ACAT1, CES1"
aniracetam,0.2248062015503876,"DRD2, GRIA1, GRIA2, GRIA3, GRIA4, HTR2A"
arecoline,0.2248062015503876,"CHRM1, CHRM2, CHRM3, CHRM4"
dimercaptosuccinic-acid,0.2248062015503876,DNMT1
DCEBIO,0.2248062015503876,"KCNN2, KCNN3, KCNN4"
EMD-66684,0.2248062015503876,AGTR1
taprenepag,0.2248062015503876,PTGER2
CTS21166,0.2248062015503876,BACE1
2-TEDC,0.2248062015503876,ALOX12
gaboxadol,0.2248062015503876,"GABRA1, GABRA2, GABRA3, GABRA4, GABRA5, GABRA6, GABRD, GABRR1, GABRR2, GABRR3"
biotin,0.2248062015503876,"ACACA, ACACB, HLCS, MCCC1, MCCC2, PC, PCCA, PCCB, SLC5A6"
nalfurafine,0.2248062015503876,"OPRK1, OPRM1"
telcagepant,0.2248062015503876,"CALCRL, RAMP1"
aloxistatin,0.2248062015503876,CTSG
propiverine,0.2248062015503876,CHRM1
melperone,0.2248062015503876,"DRD2, HTR2A"
zaleplon,0.2248062015503876,"GABRA1, GABRB1, GABRG2, TSPO"
perindopril,0.2248062015503876,ACE
riboflavin,0.2248062015503876,"BLVRB, RFK"
mefenamic-acid,0.2248062015503876,"KCNQ1, PTGS1, PTGS2, TRPM3"
rifaximin,0.2248062015503876,NR1I2
diminazene-aceturate,0.2248062015503876,"AOC1, PRDX5, PRSS1"
medica-16,0.2248062015503876,FFAR1
tozadenant,0.2248062015503876,ADORA2A
nortriptyline,0.2248062015503876,"ADRA1A, ADRA1B, ADRA1D, ADRA2A, ADRA2B, ADRA2C, ADRB1, ADRB2, ADRB3, CHRM1, CHRM2, CHRM3, CHRM4, CHRM5, DRD2, HRH1, HTR1A, HTR2A, HTR2C, HTR6, KCNJ10, PGRMC1, SIGMAR1, SLC6A2, SLC6A4"
ARC-239,0.2248062015503876,"ADRA2A, ADRA2B, ADRA2C"
GW-9662,0.2248062015503876,"NCOA2, PPARG, RXRA"
diphemanil,0.2248062015503876,CHRM3
vorapaxar,0.2248062015503876,F2R
lamotrigine,0.2248062015503876,"SCN10A, SCN11A, SCN1A, SCN2A, SCN3A, SCN4A, SCN5A, SCN7A, SCN8A, SCN9A"
salicylic-acid,0.2248062015503876,"AKR1C1, PTGS1, PTGS2"
sodium-salicylate,0.2248062015503876,"ASIC3, PTGS1, PTGS2"
safinamide,0.2248062015503876,MAOB
2-CMDO,0.2248062015503876,"DRD2, DRD4"
ocinaplon,0.2248062015503876,"GABRA1, GABRA2, GABRA3, GABRA5"
AMPA-(S),0.2248062015503876,GRIN1
betahistine,0.2248062015503876,"HRH1, HRH3"
mesulergine,0.2248062015503876,"HTR2A, HTR2B, HTR2C, HTR3A, HTR3B, HTR6, HTR7"
anisomycin,0.2248062015503876,"NHP2L1, RPL10L, RPL11, RPL13A, RPL15, RPL19, RPL23, RPL23A, RPL26L1, RPL3, RPL37, RPL8, RSL24D1"
MK-0354,0.2248062015503876,"HCAR2, HCAR3"
piceatannol,0.2248062015503876,"ATP5A1, ATP5B, ATP5C1, IRF3"
benzonatate,0.2248062015503876,SCN5A
felbinac,0.2248062015503876,CTSL
torcitabine,0.2248062015503876,"DCK, TK2"
2-[1-(4-piperonyl)piperazinyl]benzothiazole,0.2248062015503876,HTR4
triamterene,0.2248062015503876,"SCNN1A, SCNN1B, SCNN1D, SCNN1G"
pimecrolimus,0.2248062015503876,"FKBP1A, MTOR"
lomitapide,0.2248062015503876,MTTP
5-carboxamidotryptamine,0.2248062015503876,"HTR1A, HTR1B, HTR1D, HTR1E, HTR1F, HTR2A, HTR2B, HTR2C, HTR5A, HTR6, HTR7"
L-Quisqualic-acid,0.2248062015503876,"FOLH1, GRIA2, GRIK1, GRIK2, GRM1, GRM2, GRM3, GRM5, GRM7, GRM8"
zatebradine,0.2248062015503876,"HCN1, HCN2, HCN3, HCN4"
moxonidine,0.2248062015503876,"ADRA2A, ADRA2B, ADRA2C"
naphazoline,0.2248062015503876,"ADRA1A, ADRA2A"
BW-180C,0.2248062015503876,"OPRD1, OPRM1"
ZD-2079,0.2248062015503876,ADRB3
icatibant-acetate,0.2248062015503876,"ANPEP, BDKRB2"
arecaidine-but-2-ynyl-ester,0.2248062015503876,CHRM2
molsidomine,0.2248062015503876,GUCY1A3
thioperamide,0.2248062015503876,"HRH3, HRH4"
2'-MeCCPA,0.2248062015503876,ADORA1
epoprostenol,0.2248062015503876,"P2RY12, PTGER1, PTGER4, PTGIR, PTGIS"
2-methyl-5-hydroxytryptamine,0.2248062015503876,"HTR1B, HTR1D, HTR1E, HTR1F, HTR3A, HTR3B, HTR6"
milacemide,0.2248062015503876,MAOB
triflupromazine,0.2248062015503876,"CHRM1, CHRM2, DRD1, DRD2, HTR2B"
DNQX,0.2248062015503876,"GRIA1, GRIA2, GRIK1, GRIN1, GRIN2A, GRIN2B"
N-alpha-Methylhistamine-dihydrochloride,0.2248062015503876,HRH4
zotepine,0.2248062015503876,"ADRA2B, DRD2, DRD3, DRD4, HRH1, HTR1A, HTR1B, HTR1D, HTR1E, HTR2A, HTR2C, HTR6, HTR7, SLC6A2, SLC6A4"
nedocromil,0.2248062015503876,"CYSLTR1, CYSLTR2, FPR1, HSP90AA1, PTGDR"
dipraglurant,0.2248062015503876,GRM5
aminocaproic-acid,0.2248062015503876,"LPA, PLAT, PLG"
apocynin,0.2248062015503876,NOX4
acipimox,0.2248062015503876,HCAR2
etacrynic-acid,0.2248062015503876,"ATP1A1, SLC12A1"
nabumetone,0.2248062015503876,"PTGS1, PTGS2"
S-methylcysteine,0.2248062015503876,"CTSD, MGMT"
guanethidine,0.2248062015503876,SLC6A2
guanaben-acetate,0.2248062015503876,"ADRA2A, ADRA2B, ADRA2C"
guanaben-acetate,0.2248062015503876,"ADRA2A, ADRA2B, ADRA2C"
gabapentin,0.2248062015503876,"ADORA1, CACNA1A, CACNA1B, CACNA1C, CACNA1D, CACNA1E, CACNA1F, CACNA1G, CACNA1H, CACNA1I, CACNA1S, CACNA2D1, CACNA2D2, CACNA2D3, CACNA2D4, CACNB1, CACNB2, CACNB3, CACNB4, CACNG1, CACNG2, CACNG3, CACNG4, CACNG5, CACNG6, CACNG7, CACNG8, GRIN1, GRIN2A, GRIN2B, GRIN2C, GRIN2D, GRIN3A, GRIN3B"
lomerizine,0.2248062015503876,"CACNA1B, SCN5A"
tasimelteon,0.2248062015503876,"MTNR1A, MTNR1B"
lidoflazine,0.2248062015503876,"SCN1A, SCN3A, SLC29A1"
epinephrine,0.2248062015503876,"ADRA1A, ADRA1B, ADRA1D, ADRA2A, ADRA2B, ADRA2C, ADRB1, ADRB2, ADRB3, PAH, TNF"
erythromycin,0.2248062015503876,MLNR
JTE-907,0.2248062015503876,CNR2
ETC-1002,0.2248062015503876,ACLY
telotristat,0.2248062015503876,TPH1
orlistat,0.2248062015503876,"CNR1, DAGLA, DAGLB, FASN, LIPF, PNLIP"
methoxsalen,0.2248062015503876,"CYP1A1, CYP1A2, CYP2A13, CYP2A6, CYP3A4"
AM-630,0.2248062015503876,"CNR1, CNR2"
erythromycin,0.2248062015503876,MLNR
progesterone,0.2248062015503876,"CATSPER1, CATSPER2, CATSPER3, CATSPER4, CYP17A1, ESR1, NR3C2, OPRK1, PGR, TRPC5"
aprepitant,0.2248062015503876,TACR1
3-MPPI,0.2248062015503876,ADRA1A
iodipamide,0.2248062015503876,ALB
voglibose,0.2248062015503876,MGAM
MK-3207,0.2248062015503876,CALCA
oleoylethanolamide,0.2248062015503876,"CNR1, GPR119, GPR55, PPARA"
ORE1001,0.2248062015503876,ACE2
milrinone,0.2248062015503876,"PDE2A, PDE3A, PDE3B, PDE5A"
apixaban,0.2248062015503876,F10
4E1RCat,0.2248062015503876,"EIF4E, EIF4G1"
picotamide,0.2248062015503876,TBXA2R
pregabalin,0.2248062015503876,"CACNA1A, CACNA1B, CACNA1C, CACNA1D, CACNA1E, CACNA1F, CACNA1G, CACNA1H, CACNA1I, CACNA1S, CACNA2D1, CACNA2D2, CACNA2D3, CACNA2D4, CACNB1, CACNB2, CACNB3, CACNB4, CACNG1, CACNG2, CACNG3, CACNG4, CACNG5, CACNG6, CACNG7, CACNG8"
SKA-31,0.2248062015503876,KCNN4
naloxone,0.2248062015503876,"CREB1, ESR1, OPRD1, OPRK1, OPRM1, TLR4"
acemetacin,0.2248062015503876,"PTGS1, PTGS2"
almotriptan,0.2248062015503876,"HTR1B, HTR1D"
INCB-3284,0.2248062015503876,CCR2
olopatadine,0.2248062015503876,"HRH1, S100A1, S100A12, S100A13, S100A2, S100B"
CI-966,0.2248062015503876,SLC6A1
oxyquinoline,0.2248062015503876,METAP2
UH-232-(+),0.2248062015503876,"DRD2, DRD3, DRD4, HTR1A"
GP1a,0.2248062015503876,CNR2
salidroside,0.2248062015503876,APP
eglumetad,0.2248062015503876,"GRM2, GRM3, GRM6, GRM8"
abametapir,0.2248062015503876,MMP9
cilazapril,0.2248062015503876,ACE
nefiracetam,0.2248062015503876,CHRM1
exifone,0.2248062015503876,TYR
SDZ-NKT-343,0.2248062015503876,TACR1
halobetasol-propionate,0.2248062015503876,"NR3C1, PLA2G1B"
FGIN-1-43,0.2248062015503876,TSPO
moxifloxacin,0.2248062015503876,TOP2A
CPP,0.2248062015503876,"GRIN1, GRIN2A, GRIN2B, GRIN2C, GRIN2D"
opicapone,0.2248062015503876,COMT
ferulic-acid,0.2248062015503876,"CA1, CA12, CA14, CA2, CA4, CA6, CA9"
fluvastatin,0.2248062015503876,HMGCR
nalbuphine,0.2248062015503876,"OPRD1, OPRK1, OPRM1"
isoguvacine,0.2248062015503876,"GABRA1, GABRA2, GABRA3, GABRA4, GABRA5, GABRA6, GABRR1, GABRR2, GABRR3"
VU0364770,0.2248062015503876,GRM4
GR125487,0.2248062015503876,HTR4
SR-2640,0.2248062015503876,CYSLTR1
A205804,0.2248062015503876,"ICAM1, SELE"
quinidine,0.2248062015503876,"KCNA5, KCNA7, KCNH1, KCNH2, KCNH5, KCNK1, KCNK6, SCN5A, SLC29A4"
niguldipine-(S)-(+),0.2248062015503876,ADRA1A
AH6809,0.2248062015503876,"PTGDR, PTGER1, PTGER2, PTGER3"
tarafenacin,0.2248062015503876,CHRM3
lixivaptan,0.2248062015503876,AVPR2
AM-281,0.2248062015503876,"CNR1, CNR2, GPR55"
val,0.2248062015503876,"BCAT1, PCCB, VARS"
targinine,0.2248062015503876,NOS3
LDN-212854,0.2248062015503876,"ABL1, ACVR1, RIPK2"
propentofylline,0.2248062015503876,PDE1A
cyclovalone,0.2248062015503876,ABCG2
caramiphen,0.2248062015503876,"CHRM1, CHRM2"
L-NIL,0.2248062015503876,"NOS1, NOS2, NOS3"
irbesartan,0.2248062015503876,"AGTR1, JUN, SLC10A1"
tiagabine,0.2248062015503876,SLC6A1
niacin,0.2248062015503876,"DGAT2, HCAR1, HCAR2, HCAR3, NNMT, QPRT"
carglumic-acid,0.2248062015503876,CPS1
linopirdine,0.2248062015503876,"KCNQ2, KCNQ3, KCNQ4, KCNQ5"
gabexate,0.2248062015503876,"PRSS1, TPSAB1"
GSK1292263,0.2248062015503876,GRPR
palmatine-chloride,0.2248062015503876,CYP3A4
vilazodone,0.2248062015503876,"DRD2, DRD3, HRH1, HTR1A, HTR4, SLC6A4"
HA-966-(R)-(+),0.2248062015503876,GRIA1
thiostrepton,0.2248062015503876,FOXM1
rasagiline,0.2248062015503876,"BCL2, MAOB"
dapagliflozin,0.2248062015503876,"SLC5A1, SLC5A2"
Ro-90-7501,0.2248062015503876,APP
DY131,0.2248062015503876,"ESRRB, ESRRG"
TAK-875,0.2248062015503876,FFAR1
naproxen,0.2248062015503876,"PTGS1, PTGS2"
dexfenfluramine,0.2248062015503876,"HTR2C, SLC6A4"
clobetasone-butyrate,0.2248062015503876,NR3C1
dizocilpine-(+),0.2248062015503876,"GRIN1, GRIN2A, GRIN2B, GRIN2C, GRIN2D"
apabetalone,0.2248062015503876,BRD3
acetylcysteine,0.2248062015503876,"ACY1, CHUK, GRIN1, GRIN2A, GRIN2B, GRIN2D, GRIN3A, GSS, IKBKB, RELA, SLC7A11"
acetylcysteine,0.2248062015503876,"ACY1, CHUK, GRIN1, GRIN2A, GRIN2B, GRIN2D, GRIN3A, GSS, IKBKB, RELA, SLC7A11"
SB-216763,0.2248062015503876,"CCNA2, CDK2, GSK3A, GSK3B"
"5,7-dichlorokynurenic-acid",0.2248062015503876,"GLRA2, GRIN1, GRIN2A, GRIN2B, GRIN2C, GRIN2D"
ribavirin,0.2248062015503876,"ADK, ENPP1, IMPDH1, IMPDH2, NT5C2"
ibrolipim,0.2248062015503876,LPL
fluticasone-propionate,0.2248062015503876,"NR3C1, NR3C2, PGR, PLA2G4A"
3-carboxy-4-hydroxyphenylglycine-(S),0.2248062015503876,"GRM1, GRM5"
tenofovir-disoproxil,0.2248062015503876,CYP1A2
AS-1949490,0.2248062015503876,INPP5D
acitretin,0.2248062015503876,"RARA, RARB, RARG, RBP1, RXRA, RXRB, RXRG, STAT3"
grapiprant,0.2248062015503876,PTGER4
N-methylquipazine,0.2248062015503876,"HTR1A, HTR1D, HTR2A, HTR2B, HTR2C, HTR3A, HTR3B, HTR6, SLC6A4"
L-glutamic-acid,0.2248062015503876,"AADAT, AASS, ABAT, ALDH18A1, ASNS, BCAT1, BCAT2, CCBL2, DNPEP, EARS2, ENPEP, EPRS, FOLH1, FPGS, FTCD, GAD1, GAD2, GATB, GCLC, GCLM, GGCX, GLS, GLS2, GLUD1, GLUD2, GLUL, GMPS, GOT1, GOT2, GPT, GPT2, GRIA1, GRIA2, GRIA3, GRIA4, GRID1, GRID2, GRIK1, GRIK2, GRIK3, GRIK4, GRIK5, GRIN1, GRIN2A, GRIN2B, GRIN2C, GRIN2D, GRIN3A, GRIN3B, GRM1, GRM2, GRM3, GRM4, GRM6, GRM7, GRM8, LGSN, NADSYN1, NAGS, OPLAH, PFAS, PGCP, PSAT1, SLC1A1, SLC1A2, SLC1A3, SLC1A6, SLC1A7, SLC25A18, SLC25A22, SLC7A11, TAT"
baclofen-(R),0.2248062015503876,"GABBR1, GABBR2"
fagomine,0.2248062015503876,GLB1
dapsone,0.2248062015503876,DHFR
siponimod,0.2248062015503876,S1PR1
basimglurant,0.2248062015503876,GRM5
lerisetron,0.2248062015503876,HTR3A
NMDA,0.2248062015503876,"GRIN1, GRIN2A, GRIN2B, GRIN2C, GRIN2D"
AS-77,0.2248062015503876,"KCNA3, KCNA5, KCNN4"
PD-128907,0.2248062015503876,"DRD2, DRD3"
resatorvid,0.2248062015503876,TLR4
flumethasone,0.2248062015503876,"NR3C1, PLA2G1B"
muscimol,0.2248062015503876,"GABRA1, GABRA2, GABRA3, GABRA4, GABRA5, GABRA6, GABRR1, GABRR2, GABRR3"
rucinol,0.2248062015503876,TYR
pravastatin,0.2248062015503876,"HMGCR, SLCO1B1"
mometasone-furoate,0.2248062015503876,NR3C1
MPEP,0.2248062015503876,"GRM1, GRM4, GRM5"
desipramine,0.2248062015503876,"ADRA1A, ADRA1B, ADRA1D, ADRA2A, ADRA2B, ADRA2C, ADRB1, ADRB2, CHRM1, CHRM2, CHRM3, CHRM4, CHRM5, DRD2, HRH1, HTR1A, HTR2A, HTR2C, SLC6A2, SLC6A4, SMPD1"
pergolide,0.2248062015503876,"ADRA1A, ADRA1B, ADRA1D, ADRA2A, ADRA2B, ADRA2C, DRD1, DRD2, DRD3, DRD4, DRD5, HTR1A, HTR1B, HTR1D, HTR2A, HTR2B, HTR2C"
adiphenine,0.2248062015503876,CHRNA1
laquinimod,0.2248062015503876,CXCL2
SB-218795,0.2248062015503876,TACR3
flumethasone,0.2248062015503876,"NR3C1, PLA2G1B"
NBI-27914,0.2248062015503876,CRHR1
tiratricol,0.2248062015503876,"THRA, THRB"
eslicarbazepine-acetate,0.2248062015503876,"SCN10A, SCN11A, SCN1A, SCN2A, SCN3A, SCN4A, SCN5A, SCN7A, SCN8A, SCN9A"
loperamide,0.2248062015503876,"CACNA1A, CALM1, OPRD1, OPRK1, OPRM1, POMC"
naratriptan,0.2248062015503876,"HTR1A, HTR1B, HTR1D, HTR1E, HTR1F"
esomeprazole,0.2248062015503876,ATP4A
thiomersal,0.2248062015503876,OXCT1
haloperidol,0.2248062015503876,"DRD1, DRD2, DRD3, DRD4, DRD5, GRIN2B, HRH1, HTR1A, HTR1D, HTR2A, HTR2B, HTR7, KCNH1"
adatanserin,0.2248062015503876,"HTR1A, HTR2A"
lisuride,0.2248062015503876,"ADRA1A, ADRA2A, ADRA2B, ADRA2C, DRD1, DRD2, DRD3, DRD4, DRD5, HTR1A, HTR1B, HTR1D, HTR2A, HTR2B, HTR2C, HTR6"
lesinurad,0.2248062015503876,SLC22A12
irsogladine,0.2248062015503876,PDE4A
aclidinium,0.2248062015503876,"CHRM1, CHRM2, CHRM3, CHRM4, CHRM5"
azithromycin,0.2248062015503876,MLNR
etravirine,0.2248062015503876,"CYP2C19, CYP2C9, CYP3A4"
bosentan,0.2248062015503876,"EDNRA, EDNRB"
tomelukast,0.2248062015503876,CYSLTR1
brinzolamide,0.2248062015503876,"CA1, CA12, CA14, CA2, CA4, CA5A, CA7"
carbachol,0.2248062015503876,"CHRM1, CHRM2, CHRM3, CHRM4, CHRM5, CHRNA2"
cytisine,0.2248062015503876,"CHRNA2, CHRNA3, CHRNA4, CHRNA6, CHRNA7, CHRNB2, CHRNB4"
procainamide,0.2248062015503876,"DNMT1, SCN5A"
tiracizine,0.2248062015503876,SCN5A
DIPT,0.2248062015503876,"HTR1A, HTR2A, HTR2C"
benzocaine,0.2248062015503876,SCN10A
NPS-2143,0.2248062015503876,CASR
rolipram-R(-),0.2248062015503876,"PDE4A, PDE4B, PDE4C, PDE4D, PDE5A"
alendronate,0.2248062015503876,"ATP6V1A, FDPS, PTPN4, PTPRE, PTPRS"
resorcinol,0.2248062015503876,"CA12, CA14, CA2, PTGS1"
naftifine,0.2248062015503876,SQLE
metoclopramide,0.2248062015503876,"CHRM1, DRD2, HTR3A, HTR3B, HTR4"
bivalirudin,0.2248062015503876,F2
xanomeline,0.2248062015503876,"CHRM1, CHRM2, CHRM3, CHRM4, CHRM5, HTR1A, HTR1B, HTR1D, HTR1E, HTR1F, HTR2A, HTR2B, HTR2C, HTR6, HTR7"
NNC-63-0532,0.2248062015503876,OPRL1
telaprevir,0.2248062015503876,"CTSA, PGR"
diazoxide,0.2248062015503876,"ATP1A1, CA1, CA2, KCNJ11, KCNJ8, KCNMA1, SLC12A3"
ICI-199441,0.2248062015503876,"CYP2D6, OPRD1, OPRK1, OPRM1, UTS2R"
cinaciguat,0.2248062015503876,"GUCY1A3, GUCY1B3"
terlipressin,0.2248062015503876,"AVPR1A, AVPR1B, AVPR2"
etofenamate,0.2248062015503876,"PTGS1, PTGS2"
nelfinavir,0.2248062015503876,"CYP1A2, CYP2B6, CYP2C19, CYP2C9, CYP2D6, CYP3A4, CYP3A7"
GS-9620,0.2248062015503876,TLR7
corticosterone,0.2248062015503876,"HSD11B1, NCOA1, NR3C2"
nizatidine,0.2248062015503876,HRH2
bromopride,0.2248062015503876,DRD2
arbidol,0.2248062015503876,CYP3A4
telmisartan,0.2248062015503876,"AGTR1, PPARG"
doramapimod,0.2248062015503876,"MAPK11, MAPK12, MAPK13, MAPK14"
talipexole,0.2248062015503876,"ADRA2A, DRD2, HTR3A"
rizatriptan,0.2248062015503876,"HTR1A, HTR1B, HTR1D, HTR1E, HTR1F"
lisinopril,0.2248062015503876,"ACE, ACE2"
AZD1283,0.2248062015503876,P2RY12
nicergoline,0.2248062015503876,ADRA1A
L-Arginine,0.2248062015503876,"ARG2, ASL, ASS1, AZIN2, GPRC6A, NOS2, NOS3, SLC7A1, SLC7A3, SLC7A4"
RS-17053,0.2248062015503876,"ADRA1A, ADRA1D"
tazarotene,0.2248062015503876,"RARA, RARB, RARG, RXRB"
triazolam,0.2248062015503876,"GABRA1, GABRA2, GABRA3, GABRA4, GABRA5, GABRA6, GABRB1, GABRB2, GABRB3, GABRD, GABRE, GABRG1, GABRG2, GABRG3, GABRP, GABRQ, GABRR1, GABRR2, GABRR3, TSPO"
indoramin,0.2248062015503876,"ADRA1A, ADRA1B, ADRA1D, ADRA2B, ADRA2C"
garenoxacin,0.2248062015503876,TOP2A
proxyfan,0.2248062015503876,HRH3
SB-415286,0.2248062015503876,"GSK3A, GSK3B, RPS6KB1"
gamma-aminobutyric-acid,0.2248062015503876,"GABBR1, GABBR2, GABRA1, GABRA2, GABRA3, GABRA5, GABRB2, GABRG2, GATM, KCTD12, KCTD16, KCTD8, SLC6A1"
choline,0.2248062015503876,"ACHE, BCHE, CHRNA2, PCYT1A, PCYT1B, PHOSPHO1, PLD1, PLD2"
NVP-DPP728,0.2248062015503876,DPP4
triamcinolone,0.2248062015503876,"NR3C1, SERPINA6"
triamcinolone,0.2248062015503876,"NR3C1, SERPINA6"
topiroxostat,0.2248062015503876,XDH
detomidine,0.2248062015503876,ADRA2A
nicergoline,0.2248062015503876,ADRA1A
nimesulide,0.2248062015503876,"LTF, PLA2G2E, PTGS1, PTGS2"
mCPP,0.2248062015503876,"HTR1A, HTR1D, HTR1E, HTR2A, HTR2B, HTR2C, HTR6"
losartan,0.2248062015503876,AGTR1
pizotifen,0.2248062015503876,"HTR1A, HTR2A, HTR2C"
pitavastatin,0.2248062015503876,HMGCR
oseltamivir-phosphate,0.2248062015503876,"CES1, NEU1, NEU2"
r(-)-apomorphine,0.2248062015503876,"DRD2, HTR5A"
guanidine,0.2248062015503876,"ALDH2, DLG4, GAMT, RNASE1"
JIB04,0.2248062015503876,KDM4E
pyridoxal,0.2248062015503876,PDXK
phenazopyridine,0.2248062015503876,SCN1A
AJ76-(+),0.2248062015503876,"DRD2, DRD3, DRD4"
phenazopyridine,0.2248062015503876,SCN1A
cetrorelix,0.2248062015503876,"GNRHR, LHCGR"
3-carboxy-4-hydroxyphenylglycine-(R),0.2248062015503876,"GRIN1, GRIN2A, GRIN2B, GRIN2C"
maropitant,0.2248062015503876,TACR1
imidacloprid,0.2248062015503876,CHRFAM7A
atizoram,0.2248062015503876,"PDE4A, PDE4B, PDE4C, PDE4D"
fasudil,0.2248062015503876,"PKIA, PRKACA, ROCK1, ROCK2"
benzethonium,0.2248062015503876,SCN10A
VU0364439,0.2248062015503876,GRM4
C-1,0.2248062015503876,PRKCA
trospium,0.2248062015503876,CHRM1
PF-3845,0.2248062015503876,FAAH
sertindole,0.2248062015503876,"ADRA1A, ADRA1B, ADRA1D, DRD2, DRD3, DRD4, HRH1, HTR1A, HTR1B, HTR1D, HTR1E, HTR1F, HTR2A, HTR2C, HTR6, KCNH2"
diacerein,0.2248062015503876,IL1B
NAN-190,0.2248062015503876,"ADRA1A, ADRA1B, ADRA1D, HTR1A, HTR1F"
lumacaftor,0.2248062015503876,CFTR
hexestrol,0.2248062015503876,"AKR1C1, ESR1, ESR2"
glutathione,0.2248062015503876,"ESD, GGT1, GLO1, GLRX, GLRX2, GPX1, GPX2, GPX3, GPX4, GPX5, GPX6, GPX7, GPX8, GSR, GSS, GSTA1, GSTA2, GSTA3, GSTA4, GSTA5, GSTK1, GSTM1, GSTM2, GSTM3, GSTM4, GSTM5, GSTO1, GSTO2, GSTP1, GSTT1, GSTZ1, HAGH, HPGDS, LTC4S, MGST1, MGST2, MGST3, TXNDC12"
montelukast,0.2248062015503876,"ALOX5, CYSLTR1"
azosemide,0.2248062015503876,"SLC12A1, SLC12A2"
thiethylperazine,0.2248062015503876,"DRD1, DRD2, DRD4"
tacrolimus,0.2248062015503876,FKBP1A
GSK163090,0.2248062015503876,"HTR1A, HTR1B, HTR1D"
mestinon,0.2248062015503876,"ACHE, BCHE"
atorvastatin,0.2248062015503876,"AHR, DPP4, HMGCR"
trap-101,0.2248062015503876,OPRL1
flurbiprofen-(S)-(+),0.2248062015503876,"PTGS1, PTGS2"
quetiapine,0.2248062015503876,"ADRA1A, ADRA1B, ADRA1D, ADRA2A, ADRA2B, ADRA2C, CHRM1, CHRM2, CHRM3, CHRM4, CHRM5, DRD1, DRD2, DRD3, DRD4, DRD5, HRH1, HTR1A, HTR1B, HTR1D, HTR1E, HTR1F, HTR2A, HTR2C, HTR3A, HTR6, HTR7, SLC6A2"
ACDPP,0.2248062015503876,GRM5
AZD4282,0.2248062015503876,"AGXT, AGXT2, ALAS1, ALAS2, BAAT, GARS, GATM, GCAT, GCSH, GLDC, GLRA1, GLRA2, GLRA3, GLRB, GLYAT, GLYATL1, GLYATL2, GNMT, GPR18, GPRC6A, GRIN1, GRIN2A, GRIN2B, GRIN2C, GRIN2D, GRIN3B, GSS, PIPOX, SHMT1, SHMT2, SLC32A1, SLC36A1, SLC6A5, SLC6A9"
brimonidine,0.2248062015503876,"ADRA2A, ADRA2B, ADRA2C"
lisinopril,0.2248062015503876,"ACE, ACE2"
eprosartan,0.2248062015503876,AGTR1
palmitoylethanolamide,0.2248062015503876,"CNR2, GPR119, GPR55"
CGS-20625,0.2248062015503876,"GABRA1, GABRA2, GABRA3, GABRA4, GABRA5, GABRA6"
terbinafine,0.2248062015503876,SQLE
etizolam,0.2248062015503876,GABRA1
lacosamide,0.2248062015503876,"SCN10A, SCN11A, SCN1A, SCN2A, SCN3A, SCN4A, SCN5A, SCN7A, SCN8A, SCN9A"
brimonidine,0.2248062015503876,"ADRA2A, ADRA2B, ADRA2C"
BVT-948,0.2248062015503876,"PTPN1, PTPN11, PTPN2"
ZK-93426,0.2248062015503876,"GABRA1, GABRA2, GABRA3, GABRA5"
ML-9,0.2248062015503876,TRPC6
spaglumic-acid,0.2248062015503876,GRM3
spaglumic-acid,0.2248062015503876,GRM3
proflavine-hemisulfate,0.2248062015503876,F2
dicycloverine,0.2248062015503876,"CHRM1, CHRM2, CHRM3"
avatrombopag,0.2248062015503876,MPL
riboflavin,0.2248062015503876,"BLVRB, RFK"
U-99194,0.2248062015503876,DRD3
escitalopram,0.2248062015503876,"ADRA1A, CHRM1, HRH1, SLC6A2, SLC6A3, SLC6A4"
D-Serine,0.2248062015503876,"GLRA1, GRIN1, GRIN2A, GRIN2B, GRIN2C, GRIN2D, SERPINB3"
butalbital,0.2248062015503876,"CHRNA4, CHRNA7, GABRA1, GABRA2, GABRA3, GABRA4, GABRA5, GABRA6, GABRB1, GABRB2, GABRB3, GABRD, GABRE, GABRG1, GABRG2, GABRG3, GABRP, GABRQ, GRIA2, GRIK2"
clobenpropit,0.2248062015503876,"HRH1, HRH2, HRH3, HRH4"
diclofenamide,0.2248062015503876,"CA1, CA12, CA2, CA4, CA7"
GW-9508,0.2248062015503876,"FFAR1, FFAR4"
EVP-6124,0.2248062015503876,CHRNA7
PNU-120596,0.2248062015503876,CHRNA7
carbamazepine,0.2248062015503876,"SCN10A, SCN11A, SCN1A, SCN2A, SCN3A, SCN4A, SCN5A, SCN7A, SCN8A, SCN9A"
CFTRinh-172,0.2248062015503876,CFTR
suramin,0.2248062015503876,"F2, FSHR, P2RY1, P2RY11, P2RY13, P2RY2, PLA2G2A, RYR1, RYR2, SIRT5"
probucol,0.2248062015503876,"ABCA1, ABCB11, CES1"
vidarabine,0.2248062015503876,ADA
SYM-2081,0.2248062015503876,"GRIK1, GRIK2, GRIK3, GRIK4, GRIK5, SLC1A2"
dihydroergotamine,0.2248062015503876,"ADRA2A, DRD2, HTR1B, HTR1D, HTR1E, HTR1F, HTR2B, HTR7"
acexamic-acid,0.2248062015503876,GAST
quinapril,0.2248062015503876,ACE
dyclonine,0.2248062015503876,"SCN10A, SCN5A"
zafirlukast,0.2248062015503876,"CYSLTR1, CYSLTR2"
PSB-06126,0.2248062015503876,ENTPD3
KD-023,0.2248062015503876,"ACACA, ACACB"
duloxetine,0.2248062015503876,"HTR2A, HTR2C, HTR6, SLC6A2, SLC6A3, SLC6A4"
JNJ-42165279,0.2248062015503876,FAAH
amantadine,0.2248062015503876,"DRD2, GRIN2A, GRIN2B, GRIN2C, GRIN2D, GRIN3A"
aripiprazole,0.2248062015503876,"ADRA1A, ADRA1B, ADRA2A, ADRA2B, ADRA2C, CHRM1, CHRM2, CHRM3, CHRM4, CHRM5, DRD1, DRD2, DRD3, DRD4, DRD5, HRH1, HTR1A, HTR1B, HTR1D, HTR1E, HTR2A, HTR2C, HTR3A, HTR6, HTR7"
flupentixol,0.2248062015503876,"ADRA1A, CHRM1, DRD1, DRD2, DRD3, DRD5, HTR2A"
ranitidine,0.2248062015503876,HRH2
doxofylline,0.2248062015503876,"ADORA1, PDE4A, PDE4B, PDE4C, PDE4D"
1-EBIO,0.2248062015503876,"KCNN1, KCNN2, KCNN3, KCNN4"
phenindione,0.2248062015503876,VKORC1
trazodone,0.2248062015503876,"ADRA1A, ADRA2A, HRH1, HTR1A, HTR2A, HTR2B, HTR2C, SLC6A4"
4-methylhistamine,0.2248062015503876,HRH4
naloxone-benzoylhydrazone,0.2248062015503876,"OPRK1, OPRM1"
co-102862,0.2248062015503876,"SCN4A, SCN9A"
amtolmetin-guacil,0.2248062015503876,"PTGS1, PTGS2"
masitinib,0.2248062015503876,"FGFR3, KIT, PDGFRA, PDGFRB"
dorzolamide,0.2248062015503876,"CA1, CA12, CA14, CA2, CA4, CA7"
LCQ908,0.2248062015503876,DGAT1
cinchocaine,0.2248062015503876,"CALM1, SCN10A, SCN5A"
dobutamine,0.2248062015503876,"ADRB1, ADRB2"
nitisinone,0.2248062015503876,HPD
megestrol-acetate,0.2248062015503876,"NR3C1, PGR"
amoxapine,0.2248062015503876,"ADRA1A, ADRA1B, ADRA1D, ADRA2A, ADRA2B, ADRA2C, CHRM1, CHRM2, CHRM3, CHRM4, CHRM5, DRD1, DRD2, DRD3, DRD4, DRD5, GABRA1, GABRA2, GABRA3, GABRA4, GABRA5, GABRA6, GABRB1, GABRB2, GABRB3, GABRD, GABRE, GABRG1, GABRG2, GABRG3, GABRP, GABRQ, HRH1, HRH4, HTR1A, HTR1B, HTR2A, HTR2B, HTR2C, HTR3A, HTR6, HTR7, SLC6A2, SLC6A3, SLC6A4"
sivelestat,0.2248062015503876,"CELA1, ELANE"
oxatomide,0.2248062015503876,HRH1
guvacine,0.2248062015503876,"SLC6A1, SLC6A11, SLC6A12, SLC6A13"
amcinonide,0.2248062015503876,"ANXA1, NR3C1"
succinylsulfathiazole,0.2248062015503876,DHFR
oxotremorine-m,0.2248062015503876,"CHRM1, CHRM2, CHRM3, CHRM4"
remacemide,0.2248062015503876,GRIN1
pirinixic-acid,0.2248062015503876,PPARA
sulfinpyrazone,0.2248062015503876,"ABCC1, ABCC2, FPR1, SLC22A12"
RS-23597-190,0.2248062015503876,HTR4
buphenine,0.2248062015503876,ADRB2
indole-3-carbinol,0.2248062015503876,AHR
histamine,0.2248062015503876,"HRH1, HRH2, HRH3, HRH4"
L-proline,0.2248062015503876,"EPRS, L3HYPDH, P3H1, P3H2, P3H3, P4HA1, P4HA2, PARS2, PPIA, PPIB, PPIC, PPIF, PPIG, PPIH, PRODH, PROSC, PYCR1, PYCR2, PYCRL, SLC6A14, SLC6A7"
diphenidol,0.2248062015503876,"CHRM1, CHRM2, CHRM3, CHRM4"
necrostatin-1,0.2248062015503876,RIPK1
priralfinamide,0.2248062015503876,CACNA1B
rilmenidine,0.2248062015503876,ADRA2A
amfepramone,0.2248062015503876,"SLC6A2, SLC6A3"
adenosine,0.2248062015503876,"ADORA1, ADORA2A, ADORA2B, ADORA3, PI4K2A, PI4K2B, TRPM4"
tulobuterol,0.2248062015503876,ADRB2
rifampin,0.2248062015503876,"NR1I2, SLCO1A2, SLCO1B1, SLCO1B3"
uric-acid,0.2248062015503876,PYGL
pimozide,0.2248062015503876,"CACNA1I, CALM1, DRD1, DRD2, DRD3, DRD4, DRD5, HRH1, HTR1A, HTR2A, KCNA10, KCNH2"
molidustat,0.2248062015503876,EGLN2
RG2833,0.2248062015503876,"HDAC1, HDAC3"
propylhexedrine,0.2248062015503876,"SLC18A2, TAAR1"
caffeine,0.2248062015503876,"ADORA1, ADORA2A, ADORA2B, ADORA3, ATM, ITPR1, ITPR2, ITPR3, PDE10A, PDE11A, PDE1A, PDE1B, PDE1C, PDE2A, PDE3A, PDE3B, PDE4A, PDE4B, PDE4C, PDE4D, PDE5A, PDE6A, PDE6B, PDE6C, PDE7A, PDE7B, PDE8A, PDE8B, PDE9A, PIK3CA, PIK3CB, PIK3CD, PRKDC, RYR1, RYR2, RYR3"
naringin,0.2248062015503876,SLCO1A2
procyclidine,0.2248062015503876,"CHRM1, CHRM2, CHRM3, CHRM4"
miltefosine,0.2248062015503876,PLA2G1B
adenosine-triphosphate,0.2248062015503876,"ABCA1, ABCB1, ABCB11, ABCC2, ABCC8, ABCC9, ABCG1, ABL1, ABL2, ACSL1, ACSS1, ACSS2, ACVR1, ACVR1B, ACVRL1, ADCY1, ADRBK1, ADRBK2, AFG3L2, AKT1, ALK, AMHR2, APAF1, ARAF, ASNA1, ASNS, ASS1, CDK15, GPR17, ITPR1, NAE1, NT5C2, P2RY1, P2RY11, P2RY13, P2RY2, P2RY4, PRKAA1, RYR1, RYR2, RYR3, SLC25A4, TNK2, TRPM4, TRPM7"
methiopril,0.2248062015503876,ACE
VGX-1027,0.2248062015503876,TLR4
roflumilast,0.2248062015503876,"PDE4A, PDE4B, PDE4C, PDE4D"
trandolapril,0.2248062015503876,ACE
GSK3787,0.2248062015503876,PPARD
levosimendan,0.2248062015503876,"KCNJ11, KCNJ8, PDE3A, TNNC1"
quinagolide,0.2248062015503876,DRD2
aceclidine,0.2248062015503876,"CHRM1, CHRM2, CHRM3, CHRM4, CHRM5"
sotalol,0.2248062015503876,"ADRB1, ADRB2, KCNH2"
preclamol,0.2248062015503876,DRD2
CGP-37157,0.2248062015503876,SLC8A1
kifunensine,0.2248062015503876,"MAN1B1, MAN2A1"
piboserod,0.2248062015503876,"HTR2B, HTR4"
metixene,0.2248062015503876,"CHRM1, CHRM2, CHRM3, CHRM4, CHRM5"
hexoprenaline,0.2248062015503876,ADRB2
suprofen,0.2248062015503876,"PTGS1, PTGS2"
celecoxib,0.2248062015503876,"CA12, PDPK1, PTGS2"
sulfanilamide,0.2248062015503876,"CYP2C19, CYP2C9, CYP2D6, CYP2E1, CYP3A4"
sarpogrelate,0.2248062015503876,"HTR2A, HTR2B, HTR2C"
tropesin,0.2248062015503876,"PTGS1, PTGS2"
fluorometholone-acetate,0.2248062015503876,NR3C1
AMPA-(RS),0.2248062015503876,GRIN1
tetracycline,0.2248062015503876,PRNP
SB-203580,0.2248062015503876,"AKT1, ALOX5, CHEK1, CYP2D6, CYP3A4, GAK, GSK3B, LCK, MAPK1, MAPK10, MAPK11, MAPK12, MAPK14, MAPK8, MAPK9, PRKCA, RAF1, RIPK2, ROCK1, RPS6KB1, SGK1, SRC, TNF"
finasteride,0.2248062015503876,"AKR1D1, SRD5A1, SRD5A2"
isoflurane,0.2248062015503876,"ATP2C1, ATP5D, CALM1, GABRA1, GABRA2, GABRA3, GABRA4, GABRA5, GABRA6, GABRB1, GABRB2, GABRB3, GABRD, GABRE, GABRG1, GABRG2, GABRG3, GABRP, GABRQ, GLRA1, GLRB, GRIA1, KCNA1, KCNK10, KCNK18, KCNK2, KCNK3, KCNK9"
glafenine,0.2248062015503876,CFTR
pindolol,0.2248062015503876,"ADRB1, ADRB2, HTR1A, HTR1B, HTR2A, HTR2B"
ranolazine,0.2248062015503876,"SCN10A, SCN4A, SCN5A, SCN9A"
piperidolate,0.2248062015503876,CHRM1
rosiglitazone,0.2248062015503876,"ACSL4, FFAR1, PPARG, TRPC5, TRPM3"
fenoterol,0.2248062015503876,"ADRB1, ADRB2, ADRB3"
M-14157,0.2248062015503876,KCNQ1
PK-11195,0.2248062015503876,TSPO
EBPC,0.2248062015503876,AKR1B1
bilobalide,0.2248062015503876,"GLRA1, GLRA2, GLRB, HTR3A, HTR3B"
eflornithine,0.2248062015503876,"ARG2, ODC1"
brucine,0.2248062015503876,"CHRM1, CHRM2, CHRM3, CHRM4, CHRM5"
indapamide,0.2248062015503876,"KCNE1, KCNQ1, SLC12A3"
talarozole,0.2248062015503876,CYP26A1
nisoxetine,0.2248062015503876,"SLC6A2, SLC6A3, SLC6A4"
celiprolol,0.2248062015503876,"ADRA2A, ADRB1, ADRB2"
carteolol,0.2248062015503876,"ADRB1, ADRB2"
methyclothiazide,0.2248062015503876,"CA1, CA2, CA4, SLC12A1, SLC12A3"
ginkgolide-a,0.2248062015503876,"GLRA1, GLRB"
vildagliptin,0.2248062015503876,DPP4
benproperine,0.2248062015503876,SCN5A
vildagliptin,0.2248062015503876,DPP4
L-152804,0.2248062015503876,NPY5R
bucladesine,0.2248062015503876,PRKACA
bifonazole,0.2248062015503876,CYP2B6
prednisolone-sodium-phosphate,0.2248062015503876,NR3C1
cetirizine,0.2248062015503876,HRH1
talinolol,0.2248062015503876,ADRB1
hexylcaine,0.2248062015503876,"SCN10A, SCN5A"
talniflumate,0.2248062015503876,CLCA1
practolol,0.2248062015503876,ADRB1
trovafloxacin,0.2248062015503876,TOP2A
sofalcone,0.2248062015503876,CBR1
ketoconazole,0.2248062015503876,"AR, CYP19A1, CYP21A2, KCNA10"
D-Phenylalanine,0.2248062015503876,"CCBL1, CRH, HCAR3"
brexpiprazole,0.2248062015503876,DRD2
mosapride,0.2248062015503876,HTR4
famotidine,0.2248062015503876,HRH2
CL-218872,0.2248062015503876,"GABRA1, GABRA2, GABRA3, GABRA5, GABRB2, GABRG2"
brivaracetam,0.2248062015503876,SV2A
DCPIB,0.2248062015503876,SLC1A2
rabeprazole,0.2248062015503876,ATP4A
CGP-12177,0.2248062015503876,"ADRB1, ADRB2, ADRB3"
delapril,0.2248062015503876,ACE
NTNCB,0.2248062015503876,NPY5R
desvenlafaxine,0.2248062015503876,"SLC6A2, SLC6A3, SLC6A4"
morinidazole,0.2248062015503876,CYP51A1
ketorolac,0.2248062015503876,"PTGS1, PTGS2"
colchicine,0.2248062015503876,"GLRA1, GLRA2, TUBA1A, TUBA1B, TUBA1C, TUBA3C, TUBA3D, TUBA3E, TUBA4A, TUBB, TUBB1, TUBB2A, TUBB2B, TUBB3, TUBB4A, TUBB4B, TUBB6, TUBB8"
RWJ-21757,0.2248062015503876,TLR7
carisoprodol,0.2248062015503876,CYP2C19
cimetropium,0.2248062015503876,CHRM1
paliperidone,0.2248062015503876,"ADRA1A, ADRA1B, ADRA2A, ADRA2B, ADRA2C, CYP2D6, CYP3A4, CYP3A5, DRD1, DRD2, DRD3, DRD4, HRH1, HTR1A, HTR1D, HTR2A, HTR2C"
bethanechol,0.2248062015503876,"CHRM1, CHRM2, CHRM3, CHRM4"
ethosuximide,0.2248062015503876,"CACNA1G, CACNA1H, CACNA1I"
metipranolol,0.2248062015503876,"ADRB1, ADRB2"
hydroxychloroquine,0.2248062015503876,"TLR7, TLR9"
epinastine,0.2248062015503876,"ADRA1A, ADRA2A, HRH1, HRH2, HTR2A, HTR7"
ecabet,0.2248062015503876,NOXO1
methocarbamol,0.2248062015503876,CA1
telithromycin,0.2248062015503876,"CYP1A2, CYP2D6, CYP3A4, CYP3A5, CYP3A7"
tolperisone,0.2248062015503876,"CYP2C19, CYP2D6"
sparfloxacin,0.2248062015503876,TOP2A
BRL-37344,0.2248062015503876,"ADRB1, ADRB2, ADRB3"
warfarin,0.2248062015503876,VKORC1
Org-12962,0.2248062015503876,"HTR2A, HTR2B, HTR2C"
benfotiamine,0.2248062015503876,AGER
isoetharine,0.2248062015503876,"ADRB1, ADRB2"
dexrazoxane,0.2248062015503876,"TOP2A, TOP2B"
L-Cysteinesulfinic-acid,0.2248062015503876,"GRM1, GRM5, GSR, HMGCS2, PAPOLA, PRDX2"
zaldaride,0.2248062015503876,CALM1
propafenone,0.2248062015503876,"ADRB1, ADRB2, KCNA5, KCNH2, SCN5A"
chlorthalidone,0.2248062015503876,"CA1, CA12, CA14, CA4, CA7, SLC12A1, SLC12A3"
ergonovine,0.2248062015503876,"ADRA1A, HTR1E"
saquinavir,0.2248062015503876,CYP3A4
nicardipine,0.2248062015503876,"ADORA3, ADRA1A, ADRA1B, ADRA1D, CACNA1C, CACNA1D, CACNA2D1, CACNB2, CALM1, CHRM1, CHRM2, CHRM3, CHRM4, CHRM5, PDE1A, PDE1B"
isamoltane,0.2248062015503876,"HTR1A, HTR1B"
promazine,0.2248062015503876,"ADRA1A, ADRA1B, ADRA1D, CHRM1, CHRM2, CHRM3, CHRM4, CHRM5, DRD1, DRD2, DRD3, DRD4, HRH1, HTR2A, HTR2C"
minoxidil,0.2248062015503876,"ABCC9, KCNJ1, KCNJ10, KCNJ11, KCNJ8, PTGS1"
tebipenem,0.2248062015503876,CNR1
apratastat,0.2248062015503876,"ADAM17, MMP1, MMP13, MMP9"
deferiprone,0.2248062015503876,UGT1A6
nafamostat,0.2248062015503876,"ASIC1, ASIC2, ASIC3, C1R, PRSS1, TPSAB1, TRPM7"
oleamide,0.2248062015503876,"HTR7, PLA2G2A"
LE-135,0.2248062015503876,RARB
bisindolylmaleimide-ix,0.2248062015503876,"AKT1, GSK3B, LCK, MAPK1, MAPK11, MAPK12, MAPK14, MAPK8, PRKCA, ROCK1, RPS6KB1, SIRT1"
atropine,0.2248062015503876,"CHRM1, CHRM2, CHRM3, CHRM4, CHRM5"
CL316243,0.2248062015503876,"ADRB3, UCP1, UCP2, UCP3"
cyclandelate,0.2248062015503876,"CACNA2D1, CES1"
palosuran,0.2248062015503876,UTS2R
ofloxacin,0.2248062015503876,TOP2A
acecainide,0.2248062015503876,SCN5A
WAY-200070,0.2248062015503876,"ERBB2, ERBB3, ERBB4, ESR2"
tridihexethyl,0.2248062015503876,"CHRM1, CHRM2, CHRM3"
terazosin,0.2248062015503876,"ADRA1A, ADRA1B, ADRA1D, KCNH2, KCNH6, KCNH7"
xylometazoline,0.2248062015503876,"ADRA1A, ADRA1B, ADRA1D, ADRA2A, ADRA2B, ADRA2C"
benfluorex,0.2248062015503876,HMGCR
licarbazepine,0.2248062015503876,SCN5A
SB-205384,0.2248062015503876,"GABRA3, GABRA5, GABRA6"
griseofulvin,0.2248062015503876,KRT12
frovatriptan,0.2248062015503876,"HTR1A, HTR1B, HTR1D"
diclofenac,0.2248062015503876,"AKR1C3, ALOX5, ASIC1, ASIC3, KCNQ2, KCNQ3, PLA2G2A, PPARG, PTGS1, PTGS2, SCN4A"
homochlorcyclizine,0.2248062015503876,HRH1
tenoxicam,0.2248062015503876,"PTGS1, PTGS2"
itraconazole,0.2248062015503876,CYP51A1
pheniramine,0.2248062015503876,HRH1
ifenprodil,0.2248062015503876,"GRIN1, GRIN2B"
chloramphenicol,0.2248062015503876,CD55
L-701324,0.2248062015503876,"GRIN1, GRIN2A, GRIN2B, GRIN2C, GRIN2D"
arbutin,0.2248062015503876,TYR
sibutramine,0.2248062015503876,"SLC6A2, SLC6A3, SLC6A4"
floctafenine,0.2248062015503876,"PTGS1, PTGS2"
2-iminobiotin,0.2248062015503876,"NOS1, NOS2"
quinine,0.2248062015503876,"GP9, KCNB2, KCNN4, SLC29A4"
alvimopan,0.2248062015503876,"OPRD1, OPRK1, OPRM1"
rifampin,0.2248062015503876,"NR1I2, SLCO1A2, SLCO1B1, SLCO1B3"
saclofen,0.2248062015503876,"GABBR1, GABBR2, KCTD12, KCTD16, KCTD8"
ifenprodil,0.2248062015503876,"GRIN1, GRIN2B"
mavoglurant,0.2248062015503876,GRM5
daprodustat,0.2248062015503876,EGLN1
ryuvidine,0.2248062015503876,"CDK2, CDK4"
MK-6096,0.2248062015503876,"HCRTR1, HCRTR2"
prednisolone,0.2248062015503876,"NR3C1, NR3C2, SERPINA6"
nomifensine,0.2248062015503876,"DRD2, MAOA, MAOB, MPO, SLC6A2, SLC6A3"
L-745870,0.2248062015503876,"DRD1, DRD2, DRD3, DRD4, HTR1A, HTR2A, HTR6, HTR7"
carbenoxolone,0.2248062015503876,"GJA1, GJA10, GJA3, GJA4, GJA5, GJA8, GJA9, GJB1, GJB2, GJB3, GJB4, GJB5, GJB6, GJB7, GJC1, GJC2, GJC3, GJD2, GJD3, GJD4, GJE1, HSD11B1, PANX1, PANX2, PANX3"
dronedarone,0.2248062015503876,"ADRA1A, ADRA1B, ADRA1D, ADRA2A, ADRA2B, ADRA2C, ADRB1, CACNA1C, CACNA1D, CACNA1F, CACNA1S, CACNB1, CACNB2, CACNB3, CACNB4, KCNA5, KCNH2, KCNK2, SCN1A"
carbenoxolone,0.2248062015503876,"GJA1, GJA10, GJA3, GJA4, GJA5, GJA8, GJA9, GJB1, GJB2, GJB3, GJB4, GJB5, GJB6, GJB7, GJC1, GJC2, GJC3, GJD2, GJD3, GJD4, GJE1, HSD11B1, PANX1, PANX2, PANX3"
disopyramide,0.2248062015503876,"CHRM1, CHRM2, CHRM3, KCND2, KCND3, KCNH2, SCN5A"
lorglumide,0.2248062015503876,"CCKAR, CCKBR"
ethotoin,0.2248062015503876,"SCN10A, SCN11A, SCN1A, SCN2A, SCN3A, SCN4A, SCN5A, SCN7A, SCN8A, SCN9A"
nicotine,0.2248062015503876,"CHAT, CHRNA10, CHRNA2, CHRNA3, CHRNA4, CHRNA5, CHRNA6, CHRNA7, CHRNA9, CHRNB2, CHRNB3, CHRNB4, CYP19A1, TBXAS1, TRPA1"
SC-10,0.2248062015503876,PRKCA
luteolin,0.2248062015503876,TOP1
NGB-2904,0.2248062015503876,DRD3
efinaconazole,0.2248062015503876,CYP51A1
nebivolol,0.2248062015503876,"ADRB1, ADRB2"
aloe-emodin,0.2248062015503876,CASP8
felodipine,0.2248062015503876,"CACNA1C, CACNA1D, CACNA1F, CACNA1H, CACNA1S, CACNA2D1, CACNA2D2, CACNB2, CALM1, CFTR, NR3C2, PDE1A, PDE1B, TNNC1, TNNC2"
ciprofloxacin,0.2248062015503876,TOP2A
perzinfotel,0.2248062015503876,"GRIN1, GRIN2A, GRIN2B"
mozavaptan,0.2248062015503876,"AVPR1A, AVPR1B, AVPR2"
fluoxetine,0.2248062015503876,"ANO1, HTR2B, SLC6A4"
7-nitroindazole,0.2248062015503876,"NOS1, NOS2, NOS3"
drospirenone,0.2248062015503876,"AR, NR3C2, PGR"
drospirenone,0.2248062015503876,"AR, NR3C2, PGR"
oxcarbazepine,0.2248062015503876,"SCN10A, SCN11A, SCN1A, SCN2A, SCN3A, SCN4A, SCN5A, SCN7A, SCN8A, SCN9A"
oxybuprocaine,0.2248062015503876,SCN10A
bergenin,0.2248062015503876,"IL1B, TNF"
raclopride,0.2248062015503876,"DRD2, DRD3, HTR1A"
anisodamine,0.2248062015503876,ADRA1A
sevoflurane,0.2248062015503876,"ATP2C1, ATP5D, GABRA1, GABRA2, GABRA3, GABRA4, GABRA5, GABRA6, GABRB1, GABRB2, GABRB3, GABRD, GABRE, GABRG1, GABRG2, GABRG3, GABRP, GABRQ, GLRA1, GLRB, GRIA1, KCNA1, KCNK10, KCNK18, KCNK2, KCNK3, KCNK9, MT-ND1"
acifran,0.2248062015503876,"HCAR2, HCAR3"
carbetapentane,0.2248062015503876,CHRM2
2-hydroxysaclofen,0.2248062015503876,"GABBR1, GABBR2"
fludrocortisone-acetate,0.2248062015503876,"AR, NR3C1, NR3C2"
arotinolol,0.2248062015503876,ADRB3
pramipexole,0.2248062015503876,"ADRA2A, ADRA2B, ADRA2C, DRD1, DRD2, DRD3, DRD4, DRD5, HTR1A, HTR1B, HTR1D, HTR2A, HTR2B, HTR2C"
velneperit,0.2248062015503876,NPY5R
tizanidine,0.2248062015503876,"ADRA2A, ADRA2B, ADRA2C, NISCH"
bremelanotide,0.2248062015503876,"MC1R, MC2R, MC3R, MC4R, MC5R"
E-64,0.2248062015503876,CTSS
rilpivirine,0.2248062015503876,"NR1I2, SCN10A"
posaconazole,0.2248062015503876,CYP3A4
aminomethyltransferase,0.2248062015503876,NOS2
MTPG,0.2248062015503876,"GRM2, GRM3"
methoxyflurane,0.2248062015503876,"ATP2C1, ATP5D, GABRA1, GABRA2, GABRA3, GABRA4, GABRA5, GABRA6, GABRB1, GABRB2, GABRB3, GABRD, GABRE, GABRG1, GABRG2, GABRG3, GABRP, GABRQ, GLRA1, GLRB, GRIA1, KCNA1, MT-ND1"
carbinoxamine,0.2248062015503876,HRH1
telenzepine,0.2248062015503876,CHRM1
fluconazole,0.2248062015503876,CYP51A1
trichlormethiazide,0.2248062015503876,"ATP1A1, CA1, CA2, CA4, SLC12A1, SLC12A3"
dexlansoprazole,0.2248062015503876,"ATP4A, ATP4B"
GSK2330672,0.2248062015503876,SLC10A2
puromycin,0.2248062015503876,"NHP2L1, RPL10L, RPL11, RPL13A, RPL15, RPL19, RPL23, RPL23A, RPL26L1, RPL3, RPL37, RPL8, RSL24D1"
sotagliflozin,0.2248062015503876,"SLC5A1, SLC5A2"
PACOCF3,0.2248062015503876,PLA2G4A
ethisterone,0.2248062015503876,TYR
acebutolol,0.2248062015503876,"ADRB1, ADRB2"
clorprenaline,0.2248062015503876,"ADRB1, ADRB2"
PCA-4248,0.2248062015503876,PTAFR
AZD6765,0.2248062015503876,GRIN1
nicotine,0.2248062015503876,"CHAT, CHRNA10, CHRNA2, CHRNA3, CHRNA4, CHRNA5, CHRNA6, CHRNA7, CHRNA9, CHRNB2, CHRNB3, CHRNB4, CYP19A1, TBXAS1, TRPA1"
ramatroban,0.2248062015503876,"PTGDR2, TBXA2R"
cyclosporin-a,0.2248062015503876,PPP3CA
adaprev,0.2248062015503876,"IGF2R, M6PR"
beclomethasone,0.2248062015503876,"NR3C1, SERPINA6"
fexofenadine,0.2248062015503876,HRH1
tiaprofenic-acid,0.2248062015503876,"PTGS1, PTGS2"
nalmefene,0.2248062015503876,"OPRD1, OPRK1, OPRM1"
KF-38789,0.2248062015503876,SELP
SKF-96365,0.2248062015503876,"CYP3A4, PKD2, TRPC1, TRPC3, TRPC4, TRPC5, TRPV2"
spiroxatrine,0.2248062015503876,"ADRA1A, ADRA1B, ADRA1D, ADRA2A, ADRA2B, ADRA2C, HTR1A, HTR2B"
BNTX,0.2248062015503876,"OPRD1, OPRK1, OPRM1"
sodium-tetradecyl-sulfate,0.2248062015503876,"PROC, PROS1"
choline-alfoscerate,0.2248062015503876,GM2A
misoprostol,0.2248062015503876,"PTGER2, PTGER3, PTGER4, PTGIR"
primaquine,0.2248062015503876,"KRT7, NQO2"
omeprazole,0.2248062015503876,"ATP4A, CLCN2"
metergoline,0.2248062015503876,"HTR1A, HTR1B, HTR1D, HTR1E, HTR1F, HTR2A, HTR2B, HTR2C, HTR5A, HTR6, HTR7"
valethamate,0.2248062015503876,"CHRM1, CHRM4, CHRM5"
cefadroxil,0.2248062015503876,"SLC15A1, SLC15A2, SLC22A6, SLC22A8"
picartamide,0.2248062015503876,ATP4A
metoxibutropate,0.2248062015503876,"PTGS1, PTGS2"
omeprazole-magnesium,0.2248062015503876,"ATP4A, ATP4B"
nafadotride,0.2248062015503876,"DRD2, DRD3, HTR1A"
SQ-22536,0.2248062015503876,ADCY1
fendiline,0.2248062015503876,HTR2B
pinaverium,0.2248062015503876,CACNA1C
chlorcyclizine,0.2248062015503876,HRH1
piroxicam,0.2248062015503876,"PTGS1, PTGS2"
methsuximide,0.2248062015503876,"CACNA1G, CACNA1H, CACNA1I"
pirlindole,0.2248062015503876,MAOA
tagatose,0.2248062015503876,PYGL
tiprenolol,0.2248062015503876,"ADRB1, ADRB2, ADRB3"
pipenzolate,0.2248062015503876,CHRM1
halofantrine,0.2248062015503876,"KCNH2, KCNN4"
cyclopentolate,0.2248062015503876,CHRM1
methylatropine-nitrate,0.2248062015503876,CHRM1
SKF-83566,0.2248062015503876,"DRD1, DRD5"
tetrindole,0.2248062015503876,MAOA
lomefloxacin,0.2248062015503876,TOP2A
gallopamil,0.2248062015503876,ATP2A2
blebbistatin-(+/-),0.2248062015503876,MYH2
tianeptine,0.2248062015503876,"OPRD1, OPRK1, OPRM1"
clenbuterol,0.2248062015503876,"ADRB1, ADRB2, ADRB3, NGF, TNF"
isoxicam,0.2248062015503876,"PTGS1, PTGS2"
ibuprofen-piconol,0.2248062015503876,"PTGS1, PTGS2"
homatropine,0.2248062015503876,"CES1, CHRM1"
MK-571,0.2248062015503876,"ABCC2, CYSLTR1"
homatropine,0.2248062015503876,"CES1, CHRM1"
orphenadrine,0.2248062015503876,"GRIN1, GRIN2D, GRIN3A, GRIN3B, HRH1, SCN10A, SLC6A2"
etodolac,0.2248062015503876,"PTGS1, PTGS2, RXRA"
PGL5001,0.2248062015503876,"MAPK10, MAPK8, MAPK9"
ibutilide,0.2248062015503876,"CACNA1C, CACNA2D1, CACNB1, CACNG1, KCNH2, KCNH6, KCNH7, KCNJ11, KCNK1, KCNK6"
ibutilide,0.2248062015503876,"CACNA1C, CACNA2D1, CACNB1, CACNG1, KCNH2, KCNH6, KCNH7, KCNJ11, KCNK1, KCNK6"
PMPA,0.2248062015503876,FOLH1
CGP-54626,0.2248062015503876,"GABBR1, GABBR2, KCTD12, KCTD16, KCTD8"
5-hydroxytryptophan,0.2248062015503876,"SLC36A1, SLC36A2"
EX-527,0.2248062015503876,SIRT1
prilocaine,0.2248062015503876,"SCN10A, SCN11A, SCN1A, SCN2A, SCN3A, SCN4A, SCN5A, SCN7A, SCN8A, SCN9A"
ephedrine-(racemic),0.2248062015503876,"ADRA1A, ADRA2A"
aminopentamide,0.2248062015503876,CHRM1
minocycline,0.2248062015503876,"ALOX5, CASP1, CASP3, CYCS, IL1B, MMP9, VEGFA"
BRL-15572,0.2248062015503876,"HTR1A, HTR1B, HTR1D, HTR1E, HTR1F, HTR2A, HTR2B, HTR2C, HTR6"
nimodipine,0.2248062015503876,"AHR, CACNA1C, CACNA1D, CACNA1F, CACNA1S, CACNB1, CACNB2, CACNB3, CACNB4, CFTR, NR3C2"
AM-1241,0.2248062015503876,"CNR1, CNR2"
WAY-161503,0.2248062015503876,HTR2C
MDL-11939,0.2248062015503876,"HTR2A, HTR2B, HTR2C"
deptropine,0.2248062015503876,HRH1
hydrocortisone-acetate,0.2248062015503876,"NR3C1, NR3C2"
enciprazine,0.2248062015503876,GABRA1
zacopride,0.2248062015503876,"HTR3A, HTR3B, HTR4, HTR5A"
RX-821002,0.2248062015503876,"ADRA1A, ADRA1B, ADRA1D, ADRA2A, ADRA2B, ADRA2C"
mepenzolate,0.2248062015503876,"CHRM1, CHRM3"
flunisolide,0.2248062015503876,NR3C1
hydroxyzine,0.2248062015503876,HRH1
cimaterol,0.2248062015503876,"ADRB1, ADRB2, ADRB3"
molindone,0.2248062015503876,"CHRM1, DRD2, HRH1, HTR1A, HTR2A"
cortisone,0.2248062015503876,NR3C1
EMD-53998,0.2248062015503876,TNNC1
miglitol,0.2248062015503876,"GAA, GANAB, GANC, MGAM"
ATPA,0.2248062015503876,"GRIA2, GRIK1"
Ro-04-5595,0.2248062015503876,GRIN2B
oxybutynin,0.2248062015503876,"CHRM1, CHRM2, CHRM3"
mirtazapine,0.2248062015503876,"ADRA1A, ADRA1B, ADRA1D, ADRA2A, ADRA2B, ADRA2C, ADRB1, ADRB2, DRD1, DRD2, DRD3, DRD5, HRH1, HRH3, HTR2A, HTR2B, HTR2C, HTR3A, HTR7, OPRK1, SLC6A2, SLC6A3, SLC6A4"
AH11110,0.2248062015503876,ADRA1B
fidarestat,0.2248062015503876,AKR1B1
isometheptene-mucate,0.2248062015503876,"ADRA1A, SLC18A2"
levo-phencynonate,0.2248062015503876,CHRM1
mexiletine,0.2248062015503876,"AHR, SCN4A, SCN5A"
DPI-201106,0.2248062015503876,ADRB2
timofibrate,0.2248062015503876,LPL
HTMT,0.2248062015503876,HRH4
metolazone,0.2248062015503876,SLC12A3
diflorasone-diacetate,0.2248062015503876,NR3C1
xamoterol,0.2248062015503876,ADRB1
diltiazem,0.2248062015503876,"CACNA1C, CACNA1S, CACNA2D1, CACNG1, HTR3A, KCNA5"
oxyphencyclimine,0.2248062015503876,"CHRM1, CHRM2, CHRM3"
amitifadine,0.2248062015503876,"SLC6A2, SLC6A3, SLC6A4"
ginkgolide-b,0.2248062015503876,"GLRA1, GLRA2, GLRA3, GLRB, HTR3A, HTR3B"
azelastine,0.2248062015503876,HRH1
brompheniramine,0.2248062015503876,"CHRM1, CHRM2, CHRM3, CHRM4, CHRM5, HRH1"
ritodrine,0.2248062015503876,ADRB2
viloxazine,0.2248062015503876,SLC6A2
quinethazone,0.2248062015503876,"CA1, CA2, SLC12A1, SLC12A2, SLC12A3"
simeprevir,0.2248062015503876,"CYP1A2, CYP3A4"
mazindol,0.2248062015503876,"SLC6A2, SLC6A3, SLC6A4"
BTS-54505,0.2248062015503876,"SLC6A2, SLC6A3, SLC6A4"
pranidipine,0.2248062015503876,CACNA1C
fenigam,0.2248062015503876,"GABBR1, GABBR2"
NSC-405020,0.2248062015503876,MMP1
levomequitazine,0.2248062015503876,HRH1
lafutidine,0.2248062015503876,HRH2
butylphthalide,0.2248062015503876,KCNK2
4-P-PDOT,0.2248062015503876,"MTNR1A, MTNR1B"
amisulpride,0.2248062015503876,"DRD2, DRD3, HTR2A, HTR7"
tolamolol,0.2248062015503876,"ADRB1, ADRB2, ADRB3"
8-hydroxy-PIPAT,0.2248062015503876,"DRD2, DRD3"
sodium-stibogluconate,0.2248062015503876,"PTPN6, TOP1"
gliclazide,0.2248062015503876,"ABCC8, VEGFA"
benserazide,0.2248062015503876,DDC
eliprodil,0.2248062015503876,"GRIN1, GRIN2B"
enflurane,0.2248062015503876,"ATP2C1, ATP5D, GABRA1, GABRA2, GABRA3, GABRA4, GABRA5, GABRA6, GABRB1, GABRB2, GABRB3, GABRD, GABRE, GABRG1, GABRG2, GABRG3, GABRP, GABRQ, GLRA1, GLRB, GRIA1, KCNA1, KCNK10, KCNK18, KCNK2, KCNK3, KCNK9, KCNN4"
econazole,0.2248062015503876,"CYP51A1, NPY1R, NPY2R, TRPM2, TRPV5"
cyamemazine,0.2248062015503876,"HTR1A, HTR2A, HTR2C, HTR7"
AZD7545,0.2248062015503876,PDK1
bimatoprost,0.2248062015503876,"AKR1C3, PTGER1, PTGER3, PTGFR"
CGP-37849,0.2248062015503876,"GRIN2A, GRIN2B, GRIN2C, GRIN2D"
CGP-55845,0.2248062015503876,"GABBR1, GABBR2, KCTD12, KCTD16, KCTD8"
sal003,0.2248062015503876,EIF2A
mefloquine,0.2248062015503876,"ADORA2A, HBA1"
mepacrine,0.2248062015503876,"PLA2G1B, PLA2G4A, PLA2G6, PLCL1"
PD-102807,0.2248062015503876,CHRM4
clidinium,0.2248062015503876,"CHRM1, CHRM3"
terguride,0.2248062015503876,"ADRA1A, ADRA2A, ADRA2B, ADRA2C, DRD2, DRD3, DRD4, HTR1A, HTR1B, HTR1D, HTR2A, HTR2B, HTR2C"
dalargin,0.2248062015503876,OPRM1
doxapram,0.2248062015503876,"KCNK3, KCNK9"
promethazine,0.2248062015503876,"ADRA1A, CALM1, CHRM1, CHRM2, CHRM3, CHRM4, CHRM5, DRD2, HRH1, HTR2A"
naltrindole,0.2248062015503876,"OPRD1, OPRK1, OPRM1"
bisoprolol,0.2248062015503876,"ADRB1, ADRB2"
sorbinil,0.2248062015503876,AKR1B1
ipratropium,0.2248062015503876,"CHRM1, CHRM2, CHRM3, CHRM4, CHRM5"
SKF-38393,0.2248062015503876,"CALY, DRD1, DRD5"
trelagliptin,0.2248062015503876,DPP4
albuterol,0.2248062015503876,"ADRB1, ADRB2"
halcinonide,0.2248062015503876,NR3C1
dipivefrine,0.2248062015503876,"ACHE, ADRA1A, ADRA2A, ADRB2, BCHE"
citalopram,0.2248062015503876,"SLC6A2, SLC6A4"
cyanopindolol,0.2248062015503876,"ADRB1, HTR1A, HTR1D"
8-hydroxy-DPAT,0.2248062015503876,"CDK1, CHEK1, CHEK2, GSK3B, HTR5A, HTR7, LCK, MAPK14, MARK1, PDPK1, PRKCA, PRKCB, PRKCD, PRKCE, PRKCG"
equilin,0.2248062015503876,HSD17B1
benzotript,0.2248062015503876,"CCKAR, CCKBR"
trihexyphenidyl,0.2248062015503876,"CHRM1, CHRM2, CHRM3, CHRM4, CHRM5"
salubrinal,0.2248062015503876,EIF2S1
lornoxicam,0.2248062015503876,"PTGS1, PTGS2"
clinofibrate,0.2248062015503876,LPL
doxylamine,0.2248062015503876,"CHRM1, HRH1"
temazepam,0.2248062015503876,"GABRA1, GABRA2, GABRA3, GABRA4, GABRA5, GABRA6, GABRB1, GABRB2, GABRB3, GABRD, GABRE, GABRG1, GABRG2, GABRG3, GABRP, GABRQ, GABRR1, GABRR2, GABRR3, TSPO"
SM-21,0.2248062015503876,PGRMC1
N-acetylmannosamine,0.2248062015503876,CHIT1
oxprenolol,0.2248062015503876,"ADRB1, ADRB2"
lupanine,0.2248062015503876,INS
pinacidil,0.2248062015503876,"ABCC8, ABCC9"
tocainide,0.2248062015503876,SCN5A
trimebutine,0.2248062015503876,"OPRD1, OPRK1, OPRM1"
SID-7969543,0.2248062015503876,NR5A1
danazol,0.2248062015503876,"AR, CCL2, ESR1, GNRHR, GNRHR2, PGR"
triamcinolone-acetonide,0.2248062015503876,NR3C1
L-368899,0.2248062015503876,"AVPR1A, AVPR2, OXTR"
indoprofen,0.2248062015503876,"CXCR1, CXCR2, PTGS1, PTGS2"
manidipine,0.2248062015503876,"CACNA1C, CACNA1D"
betamethasone-acetate,0.2248062015503876,NR3C1
azasetron,0.2248062015503876,"HTR3A, HTR3B"
AZD1446,0.2248062015503876,"CHRNA4, CHRNB2"
picrotin,0.2248062015503876,"GABRA1, GABRR1, GLRA1, GLRA2, GLRA3, GLRB"
citicoline,0.2248062015503876,"ACHE, SLC1A2"
chloroquine,0.2248062015503876,"GSTA2, MRGPRX1, TLR9, TNF"
pentobarbital,0.2248062015503876,"CHRNA4, CHRNA7, GABRA1, GABRA2, GABRA3, GABRA4, GABRA5, GABRA6, GABRB1, GABRB2, GABRB3, GABRD, GABRE, GABRG1, GABRG2, GABRG3, GABRP, GABRQ, GRIA2, GRIK2, GRIN1, GRIN2A, GRIN2B, GRIN2C, GRIN2D, GRIN3A, GRIN3B"
buclizine,0.2248062015503876,"CHRM1, HRH1"
ginsenoside-rg3,0.2248062015503876,KCNH2
bepridil,0.2248062015503876,"ATP1A1, CACNA1A, CACNA1H, CACNA2D2, CALM1, KCNQ1, KCNQ4, PDE1A, PDE1B, TNNC1"
proglumide,0.2248062015503876,"CCKAR, CCKBR"
isradipine,0.2248062015503876,"CACNA1C, CACNA1D, CACNA1F, CACNA1H, CACNA1S, CACNA2D1, CACNA2D2, CACNB2"
tenidap,0.2248062015503876,"KCNJ4, PTGS1"
argatroban,0.2248062015503876,F2
venlafaxine,0.2248062015503876,"SLC6A2, SLC6A3, SLC6A4"
gabapentin-enacarbil,0.2248062015503876,"CACNA1A, CACNA1B, CACNA1C, CACNA1D, CACNA1E, CACNA1F, CACNA1G, CACNA1H, CACNA1I, CACNA1S, CACNA2D1, CACNA2D2, CACNA2D3, CACNA2D4, CACNB1, CACNB2, CACNB3, CACNB4, CACNG1, CACNG2, CACNG3, CACNG4, CACNG5, CACNG6, CACNG7, CACNG8"
oligomycin-a,0.2248062015503876,ATP5A1
saxagliptin,0.2248062015503876,DPP4
BI-D1870,0.2248062015503876,"RPS6KA1, RPS6KA2, RPS6KA3, RPS6KA6"
glycopyrrolate,0.2248062015503876,"CHRM1, CHRM2, CHRM3, CHRM4, CHRM5"
fenoprofen,0.2248062015503876,"PTGS1, PTGS2, SLC5A8"
scopolamine-n-oxide,0.2248062015503876,"CHRM1, CHRM2, CHRM3, CHRM4, CHRM5, SI"
hydroxyamphetamine,0.2248062015503876,TAAR1
AD-5467,0.2248062015503876,AKR1B1
oxazepam,0.2248062015503876,"GABRA1, GABRA2, GABRA3, GABRA4, GABRA5, GABRA6, GABRB1, GABRB2, GABRB3, GABRD, GABRE, GABRG1, GABRG2, GABRG3, GABRP, GABRQ, GABRR1, GABRR2, GABRR3"
flumethasone-pivalate,0.2248062015503876,"NR3C1, SERPINA6"
bendroflumethiazide,0.2248062015503876,"CA1, CA2, CA4, KCNMA1, SLC12A1, SLC12A3"
terbutaline,0.2248062015503876,ADRB2
meclizine,0.2248062015503876,"HRH1, NR1I3"
carazolol,0.2248062015503876,"ADRB1, ADRB2, ADRB3"
memantine,0.2248062015503876,"CHRFAM7A, DRD2, GRIN1, GRIN2A, GRIN2B, GRIN3A, HTR3A"
sirolimus,0.2248062015503876,"FGF2, FKBP1A, MTOR"
fenoldopam,0.2248062015503876,"ADRA1A, ADRA1B, ADRA1D, ADRA2A, ADRA2B, ADRA2C, DRD1, DRD4, DRD5"
tropicamide,0.2248062015503876,"CHRM1, CHRM2, CHRM3, CHRM4"
3-deazaadenosine,0.2248062015503876,AHCY
SIB-1553A,0.2248062015503876,CHRNB4
diclofensine,0.2248062015503876,"DRD1, MAOA, MAOB"
A740003,0.2248062015503876,P2RX7
nebracetam,0.2248062015503876,CHRM1
fosinopril,0.2248062015503876,ACE
prednisolone-hemisuccinate,0.2248062015503876,NR3C1
eplerenone,0.2248062015503876,NR3C2
metazosin,0.2248062015503876,ADRA1A
fenclonine-(+/-),0.2248062015503876,"PAH, TPH1, TPH2"
tolvaptan,0.2248062015503876,"AVPR1A, AVPR2"
miconazole,0.2248062015503876,"KCNH2, KCNH6, KCNH7, KCNMA1, KCNMB1, KCNMB2, KCNMB3, KCNMB4, KCNN1, KCNN2, KCNN3, KCNN4, NOS2, NOS3, TRPM2, TRPV5"
NCS-382,0.2248062015503876,"GABBR1, GABBR2, SLC52A2"
ajmaline,0.2248062015503876,SCN5A
bupranolol,0.2248062015503876,"ADRB1, ADRB2, ADRB3"
pioglitazone,0.2248062015503876,"PPARG, TRPM3"
SKF-89976A,0.2248062015503876,SLC6A1
varenicline,0.2248062015503876,"CHRNA3, CHRNA4, CHRNA6, CHRNA7"
flurbiprofen-(+/-),0.2248062015503876,"PTGS1, PTGS2"
donepezil,0.2248062015503876,"ACHE, HTR2A"
lansoprazole,0.2248062015503876,"ATP4A, ATP4B"
bemesetron,0.2248062015503876,"HTR3A, HTR3B"
alimemazine,0.2248062015503876,HRH1
ascorbic-acid,0.2248062015503876,"ALKBH2, ALKBH3, BBOX1, DBH, EGLN1, EGLN2, EGLN3, KDM5D, LCT, OGFOD1, OGFOD2, P3H1, P3H2, P3H3, P4HA1, P4HTM, PAM, PHYH, PLOD1, PLOD2, PLOD3, SLC23A1, SLC23A2, TMLHE"
3-alpha-bis-(4-fluorophenyl)-methoxytropane,0.2248062015503876,"CHRM1, SLC6A2, SLC6A3, SLC6A4"
alcuronium,0.2248062015503876,"CHRM1, CHRM2, CHRM3, CHRM4, CHRNA7"
phenprocoumon,0.2248062015503876,VKORC1
ciprofibrate,0.2248062015503876,PPARA
desoximetasone,0.2248062015503876,"NR3C1, PLA2G1B"
AC-7954-(+/-),0.2248062015503876,UTS2R
nilvadipine,0.2248062015503876,"CACNA1C, CACNA1D, CACNA1S, CACNA2D1, CACNA2D3, CACNB2"
fludroxycortide,0.2248062015503876,"NR3C1, SERPINA6"
"tropanyl-3,5-dimethylbenzoate",0.2248062015503876,"HTR3A, HTR3B"
meloxicam,0.2248062015503876,"PTGS1, PTGS2"
mephenytoin,0.2248062015503876,"SCN10A, SCN11A, SCN1A, SCN2A, SCN3A, SCN4A, SCN5A, SCN7A, SCN8A, SCN9A"
dexamethasone-sodium-phosphate,0.2248062015503876,NR3C1
A61603,0.2248062015503876,ADRA1A
ardeparin,0.2248062015503876,"SERPINC1, SERPIND1"
prasugrel,0.2248062015503876,P2RY12
amlodipine,0.2248062015503876,"CA1, CACNA1B, CACNA1C, CACNA1D, CACNA1F, CACNA1S, CACNA2D1, CACNA2D3, CACNB1, CACNB2, SMPD1"
SKF-77434,0.2248062015503876,DRD1
JNJ-7777120,0.2248062015503876,HRH4
tranilast,0.2248062015503876,"HPGDS, HRH1"
JTC-801,0.2248062015503876,OPRL1
KB-R7943,0.2248062015503876,"SLC8A1, TRPC3, TRPC5, TRPC6"
mebeverine,0.2248062015503876,CHRM1
alaproclate,0.2248062015503876,SLC6A4
tranilast,0.2248062015503876,"HPGDS, HRH1"
PD-160170,0.2248062015503876,NPY1R
diadenosine-tetraphosphate,0.2248062015503876,"P2RY13, P2RY2"
CHIR-99021,0.2248062015503876,"CDK1, GSK3A, GSK3B, MAPK1"
cloprostenol-(+/-),0.2248062015503876,"PTGDR, PTGER1, PTGER3, PTGFR, TBXA2R"
NBQX,0.2248062015503876,"GRIA1, GRIA2, GRIA3, GRIA4, GRIK1, GRIN1, GRIN2A, GRIN2B"
GR-127935,0.2248062015503876,"HTR1A, HTR1B, HTR1D, HTR1E, HTR1F, HTR2A, HTR2B, HTR2C, HTR6"
milnacipran,0.2248062015503876,"GRIN1, GRIN2A, GRIN2B, GRIN2C, GRIN2D, GRIN3A, GRIN3B, SLC6A2, SLC6A4"
BRL-54443,0.2248062015503876,"HTR1E, HTR1F"
fluocinolone-acetonide,0.2248062015503876,"NR3C1, SERPINA6"
2-pyridylethylamine,0.2248062015503876,HRH1
trilostane,0.2248062015503876,"ESR1, ESR2, HSD3B1, HSD3B2"
pardoprunox,0.2248062015503876,"DRD2, DRD3, DRD4, HTR1A, HTR7"
tiotidine,0.2248062015503876,HRH2
tranexamic-acid,0.2248062015503876,PLG
metaproterenol,0.2248062015503876,ADRB2
nialamide,0.2248062015503876,"COMT, MAOA, MAOB"
emedastine,0.2248062015503876,HRH1
oxyphenonium,0.2248062015503876,CHRM1
octopamine,0.2248062015503876,"F10, TAAR1"
guanadrel,0.2248062015503876,SLC6A2
firategrast,0.2248062015503876,ITGA4
metaproterenol,0.2248062015503876,ADRB2
mesoridazine,0.2248062015503876,"DRD2, HTR2A"
flecainide,0.2248062015503876,"KCNA5, KCNA7, SCN4A, SCN5A"
UB-165,0.2248062015503876,"CHRNA3, CHRNA4, CHRNB2"
oxymetazoline,0.2248062015503876,"ADRA1A, ADRA1B, ADRA1D, ADRA2A, ADRA2B, ADRA2C, HTR1B, HTR1D, HTR2C"
2-PMDQ,0.2248062015503876,ADRA1A
chlorphenamine,0.2248062015503876,"HRH1, SLC6A2, SLC6A3, SLC6A4"
fenbufen,0.2248062015503876,"PTGS1, PTGS2"
amiodarone,0.2248062015503876,"ADRB1, CACNA1H, CACNA2D2, KCNA7, KCNH2"
zaltidine,0.2248062015503876,HRH2
MEK1-2-inhibitor,0.2248062015503876,MAP2K2
glipizide,0.2248062015503876,"ABCC8, KCNJ10, KCNJ11, PPARG"
bemegride,0.2248062015503876,GABRA1
JNJ-10191584,0.2248062015503876,HRH4
ABT-639,0.2248062015503876,"CACNA1G, CACNA1H, CACNA1I"
veliflapon,0.2248062015503876,ALOX5AP
chenodeoxycholic-acid,0.2248062015503876,"HSD11B1, NR1H4"
droxinostat,0.2248062015503876,"HDAC6, HDAC8"
vigabatrin,0.2248062015503876,"ABAT, GABBR1, SLC32A1"
bucladesine,0.2248062015503876,PRKACA
ethoxzolamide,0.2248062015503876,"CA1, CA12, CA13, CA14, CA2, CA3, CA4, CA5A, CA5B, CA6, CA7, CA9"
eprodisate,0.2248062015503876,SAA1
evatanepag,0.2248062015503876,"PTGER2, PTGER4"
eperisone,0.2248062015503876,CYP2J2
chenodeoxycholic-acid,0.2248062015503876,"HSD11B1, NR1H4"
eltanolone,0.2248062015503876,"GABRA1, GABRB2, GABRG2"
L-Cystine,0.2248062015503876,"CTNS, SLC3A1, SLC7A11, SLC7A9"
mephentermine,0.2248062015503876,"ADRA1A, ADRA1B, ADRA1D, ADRA2A, ADRA2B, ADRA2C, ADRB1, ADRB2, ADRB3"
prenylamine,0.2248062015503876,"CALM1, MYLK2"
indobufen,0.2248062015503876,"PTGS1, PTGS2"
methscopolamine,0.2248062015503876,"CHRM1, CHRM2, CHRM3"
aspirin,0.2248062015503876,"AKR1C1, ASIC3, EDNRA, HSPA5, IKBKB, NFKB1, NFKB2, NFKBIA, PRKAA1, PRKAA2, PRKAB1, PRKAB2, PRKAG1, PRKAG2, PRKAG3, PTGS1, PTGS2, RPS6KA3, TP53"
NOV-002,0.2248062015503876,"GSR, GSTM2"
metitepine,0.2248062015503876,"HTR1A, HTR1B, HTR1D, HTR1E, HTR1F, HTR2A, HTR2B, HTR2C, HTR5A, HTR6, HTR7"
phenformin,0.2248062015503876,"KCNJ8, PRKAA1"
morin,0.2248062015503876,"ADORA2A, ESR2, FASN, MCL1, SLC22A12"
isoprenaline,0.2248062015503876,"ADRB1, ADRB2, ADRB3, MAPK1, PIK3R1, PIK3R2, PIK3R3"
Z160,0.2248062015503876,CACNA2D1
strychnine,0.2248062015503876,"CHRM1, CHRM2, CHRM3, CHRM4, CHRM5, CHRNA10, CHRNA9, GLRA1, GLRA2, GLRA3, GLRB"
apoptosis-activator-II,0.2248062015503876,"BCHE, CES1"
IBC-293,0.2248062015503876,HCAR3
triprolidine,0.2248062015503876,HRH1
LY2886721,0.2248062015503876,BACE1
benzbromarone,0.2248062015503876,ABCC1
synephrine,0.2248062015503876,ADRA1A
fentiazac,0.2248062015503876,"PTGS1, PTGS2"
SDZ-21009,0.2248062015503876,"HTR1A, HTR1B"
bicuculline-(+),0.2248062015503876,"GABRA1, GABRA2, GABRA3, GABRA4, GABRA5, GABRA6, KCNN1"
eprobemide,0.2248062015503876,MAOA
synephrine,0.2248062015503876,ADRA1A
L-168049,0.2248062015503876,GCGR
ammonium-glycyrrhizinate,0.2248062015503876,"HSD11B1, HSD11B2, SLCO1B1, SLCO1B3"
clofedanol,0.2248062015503876,HRH1
polythiazide,0.2248062015503876,SLC12A3
gamma-linolenic-acid,0.2248062015503876,"PTGS1, PTGS2"
rebamipide,0.2248062015503876,FPR1
TC1,0.2248062015503876,BACE1
betaxolol,0.2248062015503876,"ADRB1, ADRB2"
metoprolol,0.2248062015503876,"ADRB1, ADRB2"
CPCCOEt,0.2248062015503876,GRM1
FG-4592,0.2248062015503876,EGLN2
NECA,0.2248062015503876,"ADORA1, ADORA2A, ADORA2B, ADORA3, HSP90B1"
terfenadine,0.2248062015503876,"CHRM1, CHRM2, CHRM3, CHRM4, CHRM5, HRH1, KCNH1, KCNH2"
pepstatin,0.2248062015503876,"CTSB, CTSD, CTSL, REN"
GSK429286A,0.2248062015503876,ROCK1
cyclosporine,0.2248062015503876,"ABCB11, CAMLG, FPR1, PPIA, PPIF, PPP3R2, SLC10A1, SLCO1B1, SLCO1B3"
nadide,0.2248062015503876,"AHCY, AKR1A1, ALDH2, BLVRA, DHPS, DLD, GALE, HMGCR, HSD17B1, HSD17B4, IMPDH2, MGAM, P2RY11, SORD, TRPM2"
cyclopiazonic-acid,0.2248062015503876,ATP2A1
dexamethasone,0.2248062015503876,"ANXA1, NOS2, NR0B1, NR3C1, NR3C2"
methazolamide,0.2248062015503876,"CA1, CA12, CA14, CA2, CA4, CA7"
diazepam,0.2248062015503876,"ADRA1A, GABRA1, GABRA2, GABRA3, GABRA4, GABRA5, GABRA6, GABRB1, GABRB2, GABRB3, GABRD, GABRE, GABRG1, GABRG2, GABRG3, GABRP, GABRQ, GABRR1, GABRR2, GABRR3, TSPO"
"L-655,708",0.2248062015503876,"GABRA1, GABRA2, GABRA3, GABRA5, GABRG2"
metocurine,0.2248062015503876,"CHRM2, CHRNA2"
Ro-20-1724,0.2248062015503876,"PDE3A, PDE4A, PDE4B, PDE4C, PDE4D"
aminothiazole,0.2248062015503876,NOS2
vesnarinone,0.2248062015503876,"KCNH2, PDE3A"
enilconazole,0.2248062015503876,"CYP19A1, CYP1A2, CYP2B6, CYP2C9, CYP2J2, CYP3A4, CYP3A5, NR1I2, PPARA, PTGER2"
AM-92016,0.2248062015503876,GRIN1
carvedilol,0.2248062015503876,"ADRA1A, ADRA1B, ADRA1D, ADRA2A, ADRA2B, ADRA2C, ADRB1, ADRB2, ADRB3, GJA1, HIF1A, KCNH2, NDUFC2, NPPB, SELE, VCAM1, VEGFA"
bitopertin,0.2248062015503876,"SLC6A5, SLC6A9"
granisetron,0.2248062015503876,HTR3A
anisotropine,0.2248062015503876,"CHRM1, CHRM2, CHRM3"
BAY-K-8644-(s)-(-),0.2248062015503876,CACNA1C
GTS21,0.2248062015503876,CHRNA7
MK-0812,0.2248062015503876,CCR2
omarigliptin,0.2248062015503876,DPP4
isopropamide-iodide,0.2248062015503876,"CHRM3, CHRM4"
bicyclol,0.2248062015503876,"HSPA1A, HSPB1"
imiloxan,0.2248062015503876,"ADRA2A, ADRA2B"
evacetrapib,0.2248062015503876,CETP
pyridoxine,0.2248062015503876,"DDC, PDXK"
ritodrine,0.2248062015503876,ADRB2
vardenafil,0.2248062015503876,"PDE5A, PDE6G, PDE6H"
IEM1460,0.2248062015503876,GRIA2
PNU-22394,0.2248062015503876,"HTR2A, HTR2B, HTR2C, MAOA, MAOB"
MK-0893,0.2248062015503876,GCGR
PRX-08066,0.2248062015503876,HTR2B
parecoxib,0.2248062015503876,LTF
zaprinast,0.2248062015503876,"GPR35, PDE1A, PDE4D, PDE5A, PDE9A"
esmolol,0.2248062015503876,ADRB1
ebastine,0.2248062015503876,"CYP3A4, HRH1"
butein,0.2248062015503876,ACE
valdecoxib,0.2248062015503876,"CA12, PTGS2"
clebopride,0.2248062015503876,"ACHE, DRD2"
SB-221284,0.2248062015503876,"HTR2A, HTR2B, HTR2C"
doxazosin,0.2248062015503876,"ADRA1A, ADRA1B, ADRA1D, KCNH2, KCNH6, KCNH7"
ornithine,0.2248062015503876,"ARG1, ARG2, GATM, GPRC6A, OAT, OAZ1, OAZ2, OAZ3, OTC, SLC25A15, SLC25A2, SLC7A1, SLC7A2, SLC7A3, SLC7A4"
boceprevir,0.2248062015503876,"CMA1, CTSA, CTSF, CTSK, CTSL, CTSS"
uridine,0.2248062015503876,"LSM6, TYMP"
uridine,0.2248062015503876,"LSM6, TYMP"
bupropion,0.2248062015503876,"CHRNA3, SLC6A2, SLC6A3"
verapamil,0.2248062015503876,"CACNA1A, CACNA1B, CACNA1C, CACNA1D, CACNA1F, CACNA1G, CACNA1I, CACNA1S, CACNB1, CACNB2, CACNB3, CACNB4, CYP3A4, KCNA10, KCNA7, KCNH2, KCNJ11, NALCN, SCN5A, SLC29A4, SLC6A4"
ibudilast,0.2248062015503876,"IL1B, IL6, PDE3A, PDE4A, PDE4B, PDE4C, PDE4D, PDE5A"
ibuprofen-(s),0.2248062015503876,"ASIC1, BCL2, CFTR, FABP2, PLAT, PPARG, PTGS1, PTGS2, SLC5A8, THBD"
sulindac,0.2248062015503876,"AKR1B1, MAPK3, PPARD, PTGDR2, PTGS1, PTGS2"
YM-976,0.2248062015503876,PDE4A
carbendazim,0.2248062015503876,"TP53, TUBB"
BP-897,0.2248062015503876,"ADRA1A, ADRA1D, ADRA2A, DRD1, DRD2, DRD3, DRD4, HTR1A, HTR2B"
bopindolol,0.2248062015503876,"ADRB1, ADRB2, ADRB3, HTR1A, HTR1B"
dapivirine,0.2248062015503876,"CYP3A4, CYP3A5"
cloranolol,0.2248062015503876,"ADRB1, ADRB2, ADRB3"
fluorometholone,0.2248062015503876,NR3C1
mabuterol,0.2248062015503876,ADRB2
cisapride,0.2248062015503876,"HTR2A, HTR3A, HTR4, KCNH2"
hydrochlorothiazide,0.2248062015503876,"CA1, CA12, CA2, CA4, CA9, KCNMA1, SLC12A3"
KY02111,0.2248062015503876,DKK1
rimonabant,0.2248062015503876,"CNR1, GPR55"
bromocriptine,0.2248062015503876,"ADRA1A, ADRA1B, ADRA1D, ADRA2A, ADRA2B, ADRA2C, DRD1, DRD2, DRD3, DRD4, DRD5, HTR1A, HTR1B, HTR1D, HTR2A, HTR2B, HTR2C, HTR6, HTR7"
lorazepam,0.2248062015503876,"GABRA1, GABRA2, GABRA3, GABRA4, GABRA5, GABRA6, GABRB1, GABRB2, GABRB3, GABRD, GABRE, GABRG1, GABRG2, GABRG3, GABRP, GABRQ, TSPO"
quinelorane,0.2248062015503876,"DRD2, DRD3"
CCMI,0.2248062015503876,CHRNA7
etilefrine,0.2248062015503876,"ADRA1A, ADRB1"
piperazine,0.2248062015503876,GABRB3
drotaverine,0.2248062015503876,"CACNA1C, PDE4A"
somatostatin,0.2248062015503876,"OPRD1, OPRM1, SSTR1, SSTR2, SSTR3, SSTR4, SSTR5"
L-Citrulline,0.2248062015503876,"ASS1, DDAH1, DDAH2, GPRC6A, NOS1, NOS2, NOS3, OTC, PADI1, PADI2, PADI3, PADI4, PADI6"
labetalol,0.2248062015503876,"ADRA1A, ADRA1B, ADRA1D, ADRB1, ADRB2"
L-741742,0.2248062015503876,"DRD3, DRD4, SCN1A, SCN3A"
SKF-81297,0.2248062015503876,"DRD1, DRD5"
pentamidine,0.2248062015503876,TRDMT1
vesamicol,0.2248062015503876,SLC18A3
artemisinin,0.2248062015503876,CYP2B6
clotrimazole,0.2248062015503876,"CYP3A4, KCNN4, NR1I2, NR1I3, TRPM2, TRPM4, TRPM8"
ropinirole,0.2248062015503876,"ADRA2A, ADRA2B, ADRA2C, DRD1, DRD2, DRD3, DRD4, DRD5, HTR1A, HTR1B, HTR1D, HTR2A, HTR2B, HTR2C"
efaroxan,0.2248062015503876,ADORA2A
nifenalol,0.2248062015503876,"ADRB1, ADRB2"
perhexiline,0.2248062015503876,"CPT1A, CPT2"
nitrendipine,0.2248062015503876,"CACNA1C, CACNA1D, CACNA1H, CACNA1S, CACNA2D1, CACNA2D2, CACNB2, CACNG1, KCNN4"
mianserin,0.2248062015503876,"ADRA1A, ADRA1B, ADRA1D, ADRA2A, ADRA2B, ADRA2C, DRD1, DRD2, DRD3, DRD5, HRH1, HRH2, HRH4, HTR1A, HTR1F, HTR2A, HTR2B, HTR2C, HTR6, HTR7, OPRK1, SLC6A2, SLC6A3, SLC6A4"
papaverine,0.2248062015503876,"PDE10A, PDE4B, PDE5A"
FK-33-824,0.2248062015503876,OPRM1
FGIN-1-27,0.2248062015503876,TSPO
ondansetron,0.2248062015503876,"HTR1A, HTR1B, HTR3A, HTR3B, HTR4, OPRM1"
menadione-bisulfite,0.2248062015503876,"GGCX, VKORC1, VKORC1L1"
varespladib,0.2248062015503876,PLA2G2A
loreclezole,0.2248062015503876,"GABRB2, GABRB3"
meprobamate,0.2248062015503876,"GABRA1, GABRA2, GABRA3, GABRA4, GABRA5, GABRA6, GABRB1, GABRB2, GABRB3, GABRD, GABRE, GABRG1, GABRG2, GABRG3, GABRP, GABRQ"
mibefradil,0.2248062015503876,"ANO1, CACNA1C, CACNA1D, CACNA1F, CACNA1G, CACNA1H, CACNA1I, CACNA1S, CACNB1, CACNB2, CACNB3, CACNB4, CATSPER1, CATSPER2, CATSPER3, CATSPER4"
L-733060,0.2248062015503876,TACR1
prednisolone-acetate,0.2248062015503876,NR3C1
levofloxacin,0.2248062015503876,TOP2A
caffeic-acid,0.2248062015503876,"ALOX5, MIF"
methylphenidate,0.2248062015503876,"SLC6A2, SLC6A3, SLC6A4"
buflomedil,0.2248062015503876,ADRA1A
trimipramine,0.2248062015503876,"ADRA1A, ADRA1B, ADRA2A, ADRA2B, ADRB1, ADRB2, ADRB3, CHRM1, CHRM2, CHRM3, CHRM4, CHRM5, DRD1, DRD2, DRD5, HRH1, HTR1A, HTR1D, HTR2A, HTR2C, HTR3A, SLC6A2, SLC6A3, SLC6A4"
idazoxan,0.2248062015503876,ADRA2A
plovamer-acetate,0.2248062015503876,"TAT, TH, YARS, YARS2"
7-hydroxy-DPAT,0.2248062015503876,"DRD2, DRD3"
betamethasone,0.2248062015503876,NR3C1
megestrol-acetate,0.2248062015503876,"NR3C1, PGR"
PSB-11,0.2248062015503876,"ADORA1, ADORA2A, ADORA3"
L-701252,0.2248062015503876,GRIN1
darapladib,0.2248062015503876,PLA2G7
lercanidipine,0.2248062015503876,"CACNA2D1, CACNG1"
RS-100329,0.2248062015503876,"ADRA1A, ADRA1D"
clofibric-acid,0.2248062015503876,PPARA
ertugliflozin,0.2248062015503876,SLC5A2
CP-91149,0.2248062015503876,PYGL
clorotepine,0.2248062015503876,"ADRA1A, ADRA1B, ADRA1D, DRD2, HRH1, HTR2C, HTR6"
naltriben,0.2248062015503876,"OPRD1, OPRK1, OPRM1"
phenolphthalein,0.2248062015503876,UGT1A9
cefdinir,0.2248062015503876,MPO
MRS3777,0.2248062015503876,ADORA2A
carzenide,0.2248062015503876,"CA1, CA12, CA14, CA2, CA6, CA9"
D-4476,0.2248062015503876,"CSNK1A1, CSNK1D, TGFB1"
prochlorperazine,0.2248062015503876,"DRD1, DRD2, DRD3, DRD4"
biperiden,0.2248062015503876,"CHRM1, CHRM2, CHRM3, CHRM4, CHRM5, CHRNA2"
halothane,0.2248062015503876,"ATP2C1, ATP5D, GABRA1, GABRA2, GABRA3, GABRA4, GABRA5, GABRA6, GABRB1, GABRB2, GABRB3, GABRD, GABRE, GABRG1, GABRG2, GABRG3, GABRP, GABRQ, GLRA1, GLRB, GNG2, GRIN2A, GRIN3A, GRIN3B, KCNJ3, KCNJ6, KCNK10, KCNK12, KCNK13, KCNK15, KCNK18, KCNK2, KCNK3, KCNK9, KCNMA1, KCNN4, MT-ND1, NPSR1, RHO"
nepicastat,0.2248062015503876,DBH
azelnidipine,0.2248062015503876,CACNA1C
"CP-945,598",0.2248062015503876,CNR1
canrenone,0.2248062015503876,NR3C2
U-0521,0.2248062015503876,COMT
alprenolol,0.2248062015503876,"ADRB1, ADRB2, HTR1A"
SB-242235,0.2248062015503876,"HSPB1, MAPK14"
doxycycline,0.2248062015503876,MMP8
sitagliptin,0.2248062015503876,DPP4
dyphylline,0.2248062015503876,"ADORA1, ADORA2A, PDE3A, PDE4A, PDE4B, PDE4C, PDE4D, PDE7A, PDE7B"
broxaterol,0.2248062015503876,ADRB2
doxycycline,0.2248062015503876,MMP8
1-octanol,0.2248062015503876,"GJA1, GJA10, GJA3, GJA4, GJA5, GJA8, GJA9, GJB1, GJB2, GJB3, GJB4, GJB5, GJB6, GJB7, GJC1, GJC2, GJC3, GJD2, GJD3, GJD4, GJE1"
salvinorin-a,0.2248062015503876,"OPRD1, OPRK1, OPRM1"
palonosetron,0.2248062015503876,HTR3A
fexaramine,0.2248062015503876,NR1H4
mecamylamine,0.2248062015503876,"CHRNA1, CHRNA2, CHRNA3, CHRNA4, CHRNA6, CHRNA7"
SR-95639A,0.2248062015503876,CHRM1
bupivacaine,0.2248062015503876,"KCNA5, PTGER1, SCN10A, SCN4A"
lovastatin,0.2248062015503876,"HDAC2, HMGCR, ITGAL, NR1I2"
etonogestrel,0.2248062015503876,"ESR1, PGR"
otenzepad,0.2248062015503876,"CHRM1, CHRM2, CHRM3, CHRM4, CHRM5"
cleviprex,0.2248062015503876,"CACNA1C, CACNA1D, CACNA1F, CACNA1S"
atenolol-(+/-),0.2248062015503876,"ADRB1, ADRB2"
CCG-50014,0.2248062015503876,"RGS4, RGS8"
SR-57227A,0.2248062015503876,HTR3A
WB-4101,0.2248062015503876,"ADRA1A, ADRA1B, ADRA1D, ADRA2A, ADRA2B, ADRA2C, HTR1A"
merimepodib,0.2248062015503876,IMPDH1
chlormezanone,0.2248062015503876,"GABRA1, TSPO"
GSK2190915,0.2248062015503876,ALOX5AP
phloretin,0.2248062015503876,"AQP9, CLCN3, SLC23A1"
estradiol,0.2248062015503876,"ESR1, ESR2, GPER1, KCNMA1, NR1I2"
tesaglitazar,0.2248062015503876,"PPARA, PPARG"
carprofen,0.2248062015503876,"PTGS1, PTGS2"
doxycycline,0.2248062015503876,MMP8
latanoprost,0.2248062015503876,PTGFR
SDZ-205-557,0.2248062015503876,"HTR3A, HTR3B"
nafcillin,0.2248062015503876,"CYP1A2, CYP3A4, SLC22A6"
nafcillin,0.2248062015503876,"CYP1A2, CYP3A4, SLC22A6"
mepivacaine,0.2248062015503876,SCN10A
medetomidine,0.2248062015503876,"ADRA1A, ADRA1B, ADRA1D, ADRA2A, ADRA2B, ADRA2C"
vernakalant,0.2248062015503876,KCNA5
thioproperazine,0.2248062015503876,"ADRA1A, ADRA1B, DRD1, DRD2, HTR1A, HTR2A"
SB-228357,0.2248062015503876,"HTR2A, HTR2B, HTR2C"
APD668,0.2248062015503876,GPR119
BW-723C86,0.2248062015503876,"HTR2A, HTR2B, HTR2C"
tolcapone,0.2248062015503876,COMT
bambuterol,0.2248062015503876,"ADRB2, BCHE"
alizapride,0.2248062015503876,DRD2
ibuprofen,0.2248062015503876,"PTGS1, PTGS2"
alclometasone-dipropionate,0.2248062015503876,"CYP3A4, NR3C1, SERPINA6"
budipine,0.2248062015503876,GRIN1
penfluridol,0.2248062015503876,CACNA1G
perphenazine,0.2248062015503876,"CALM1, DRD1, DRD2, HRH1, HTR2A, HTR2C, HTR6, HTR7"
norfloxacin,0.2248062015503876,TOP2A
norfloxacin,0.2248062015503876,TOP2A
gemfibrozil,0.2248062015503876,"LPL, PPARA, SLCO1B1, SLCO1B3, SLCO2B1"
ICI-89406,0.2248062015503876,"ADRB1, ADRB2"
isoxsuprine,0.2248062015503876,ADRB2
dehydroepiandrosterone-sulfate,0.2248062015503876,"AR, ESR1, ESR2"
doxycycline,0.2248062015503876,MMP8
protirelin,0.2248062015503876,TRHR
isavuconazole,0.2248062015503876,CYP3A4
CPI-1189,0.2248062015503876,TNF
ICI-162846,0.2248062015503876,HRH2
VUF10166,0.2248062015503876,"HTR3A, HTR3B"
eplerenone,0.2248062015503876,NR3C2
alfuzosin,0.2248062015503876,"ADRA1A, ADRA1B, ADRA1D, KCNH2"
CID-5458317,0.2248062015503876,MAPK3
hexamethonium,0.2248062015503876,"CHRNA2, CHRNA3, CHRNA4, CHRNA6"
lofexidine,0.2248062015503876,ADRA2A
ursodiol,0.2248062015503876,NR1H4
methacholine,0.2248062015503876,"CHRM2, CHRM3, CHRM4"
clobetasol-propionate,0.2248062015503876,"NR3C1, PLA2G1B"
temocapril,0.2248062015503876,ACE
cilnidipine,0.2248062015503876,CACNA1B
dalcetrapib,0.2248062015503876,CETP
salvianolic-acid-B,0.2248062015503876,MMP9
malic-acid,0.2248062015503876,"CS, ME2, PKD2L1"
rivastigmine,0.2248062015503876,"ACHE, BCHE"
GW-405833,0.2248062015503876,CNR2
bendazac,0.2248062015503876,"PTGS1, PTGS2"
S-Isopropylisothiourea,0.2248062015503876,NOS3
sulfaphenazole,0.2248062015503876,DHPS
meptazinol,0.2248062015503876,BCHE
nevirapine,0.2248062015503876,"CYP1A2, CYP2A6, CYP2B6, CYP2C9, CYP2D6, CYP3A4, CYP3A5"
sulfasalazine,0.2248062015503876,"ACAT1, ALOX5, CHUK, IKBKB, PLA2G1B, PPARG, PTGS1, PTGS2, SLC46A1, SLC7A11, TBXAS1"
isoleucine,0.2248062015503876,"ACADSB, BCAT1, BCAT2, IARS, IARS2"
estradiol,0.2248062015503876,"ESR1, ESR2, GPER1, KCNMA1, NR1I2"
cyanocobalamin,0.2248062015503876,"MMAA, MMACHC, MTHFR, MTR, MTRR, MUT"
bevantolol,0.2248062015503876,"ADRA1A, ADRB1, ADRB2"
azelaic-acid,0.2248062015503876,"AKR1D1, SRD5A2, TYR"
phensuximide,0.2248062015503876,"CACNA1G, CACNA1H, CACNA1I"
ZD-7288,0.2248062015503876,"HCN1, HCN2, HCN3, HCN4"
compound-401,0.2248062015503876,"MTOR, PRKDC"
folic-acid,0.2248062015503876,"FOLR2, FOLR3, SLC19A1, SLC46A1"
tolcapone,0.2248062015503876,COMT
betaxolol,0.2248062015503876,"ADRB1, ADRB2"
pipecuronium,0.2248062015503876,"CHRM2, CHRM3, CHRNA2"
SQ-109,0.2248062015503876,FDFT1
tiludronate,0.2248062015503876,"ATP6V1A, MMP2, PTPN1"
phenylbutazone,0.2248062015503876,"PTGIS, PTGS1, PTGS2"
melevodopa,0.2248062015503876,DDC
benzoquinonium-dibromide,0.2248062015503876,CHRNA1
phenylbutazone,0.2248062015503876,"PTGIS, PTGS1, PTGS2"
thiram,0.20155038759689922,JAK2
bakuchiol,0.17054263565891473,HIF1A
methacycline,0.15503875968992248,Unknown_Target
bekanamycin,0.15503875968992248,Unknown_Target
fipronil,0.15503875968992248,Unknown_Target
procyanidin-b-2,0.15503875968992248,Unknown_Target
oxolinic-acid,0.15503875968992248,Unknown_Target
methacycline,0.15503875968992248,Unknown_Target
fusidic-acid,0.15503875968992248,Unknown_Target
daptomycin,0.15503875968992248,Unknown_Target
chromocarb,0.15503875968992248,Unknown_Target
dimethisoquin,0.15503875968992248,Unknown_Target
isofloxythepin,0.15503875968992248,Unknown_Target
dimetridazole,0.15503875968992248,Unknown_Target
buparvaquone,0.15503875968992248,Unknown_Target
faropenem,0.15503875968992248,Unknown_Target
CDBA,0.15503875968992248,Unknown_Target
sclareolide,0.15503875968992248,Unknown_Target
2-cyanopyrimidine,0.15503875968992248,Unknown_Target
oxyfedrine,0.15503875968992248,Unknown_Target
sulbentine,0.15503875968992248,Unknown_Target
LDN-57444,0.15503875968992248,Unknown_Target
octisalate,0.15503875968992248,Unknown_Target
kakonein,0.15503875968992248,Unknown_Target
ZLN005,0.15503875968992248,Unknown_Target
famprofazone,0.15503875968992248,Unknown_Target
cinchophen,0.15503875968992248,Unknown_Target
hydrocortisone-hemisuccinate,0.15503875968992248,Unknown_Target
pyronaridine,0.15503875968992248,Unknown_Target
phenyl-aminosalicylate,0.15503875968992248,Unknown_Target
alizarin,0.15503875968992248,Unknown_Target
cefoselis,0.15503875968992248,Unknown_Target
lithium-acetoacetate,0.15503875968992248,Unknown_Target
cefoselis,0.15503875968992248,Unknown_Target
cefoselis,0.15503875968992248,Unknown_Target
levobunolol-(+),0.15503875968992248,Unknown_Target
5-fluoro-3-pyridyl-methanol,0.15503875968992248,Unknown_Target
TAME,0.15503875968992248,Unknown_Target
meluadrine,0.15503875968992248,Unknown_Target
cefditoren-pivoxil,0.15503875968992248,Unknown_Target
cefditoren-pivoxil,0.15503875968992248,Unknown_Target
meclocycline-sulfosalicylate,0.15503875968992248,Unknown_Target
avibactam,0.15503875968992248,Unknown_Target
marbofloxacin,0.15503875968992248,Unknown_Target
marbofloxacin,0.15503875968992248,Unknown_Target
clorsulon,0.15503875968992248,Unknown_Target
diaveridine,0.15503875968992248,Unknown_Target
EVP4593,0.15503875968992248,Unknown_Target
selamectin,0.15503875968992248,Unknown_Target
acedapsone,0.15503875968992248,Unknown_Target
citiolone,0.15503875968992248,Unknown_Target
ampicillin,0.15503875968992248,Unknown_Target
MM-102,0.15503875968992248,Unknown_Target
hydrastinine,0.15503875968992248,Unknown_Target
PI-828,0.15503875968992248,Unknown_Target
bicuculline-methochloride-(-),0.15503875968992248,Unknown_Target
todralazine,0.15503875968992248,Unknown_Target
gestodene,0.15503875968992248,Unknown_Target
picolamine,0.15503875968992248,Unknown_Target
lidamidine,0.15503875968992248,Unknown_Target
pantethine,0.15503875968992248,Unknown_Target
bismuth-subcitrate-potassium,0.15503875968992248,Unknown_Target
tezacaftor,0.15503875968992248,Unknown_Target
omeprazole-sulfide,0.15503875968992248,Unknown_Target
althiazide,0.15503875968992248,Unknown_Target
iodoantipyrine,0.15503875968992248,Unknown_Target
trigonelline,0.15503875968992248,Unknown_Target
afloqualone,0.15503875968992248,Unknown_Target
dimercaprol,0.15503875968992248,Unknown_Target
quinine-ethyl-carbonate,0.15503875968992248,Unknown_Target
nifuroxazide,0.15503875968992248,Unknown_Target
amiprilose,0.15503875968992248,Unknown_Target
dexpanthenol,0.15503875968992248,Unknown_Target
pivmecillinam,0.15503875968992248,Unknown_Target
ACPC,0.15503875968992248,Unknown_Target
befuraline,0.15503875968992248,Unknown_Target
dehydrocholate,0.15503875968992248,Unknown_Target
androstenone,0.15503875968992248,Unknown_Target
acetarsol,0.15503875968992248,Unknown_Target
brivudine,0.15503875968992248,Unknown_Target
flutrimazole,0.15503875968992248,Unknown_Target
sulbactam-pivoxil,0.15503875968992248,Unknown_Target
zaltoprofen,0.15503875968992248,Unknown_Target
finafloxacin,0.15503875968992248,Unknown_Target
lodoxamide,0.15503875968992248,Unknown_Target
ZM-226600,0.15503875968992248,Unknown_Target
netilmicin,0.15503875968992248,Unknown_Target
hydroxypropyl-beta-cyclodextrin,0.15503875968992248,Unknown_Target
dextran,0.15503875968992248,Unknown_Target
fenthion,0.15503875968992248,Unknown_Target
malotilate,0.15503875968992248,Unknown_Target
alpha-tochopheryl-acetate,0.15503875968992248,Unknown_Target
BMS-626529,0.15503875968992248,Unknown_Target
ZK-200775,0.15503875968992248,Unknown_Target
climbazole,0.15503875968992248,Unknown_Target
ulifloxacin,0.15503875968992248,Unknown_Target
medroxyprogesterone-acetate,0.15503875968992248,Unknown_Target
theophylline,0.15503875968992248,Unknown_Target
SGC-0946,0.15503875968992248,Unknown_Target
"4-acetyl-1,1-dimethylpiperazinium",0.15503875968992248,Unknown_Target
gepefrine,0.15503875968992248,Unknown_Target
1-acetyl-4-methylpiperazine,0.15503875968992248,Unknown_Target
erdosteine,0.15503875968992248,Unknown_Target
carumonam,0.15503875968992248,Unknown_Target
telmesteine,0.15503875968992248,Unknown_Target
etamsylate,0.15503875968992248,Unknown_Target
luliconazole,0.15503875968992248,Unknown_Target
cefixime,0.15503875968992248,Unknown_Target
"mevalonic-d,-l-acid-lactone",0.15503875968992248,Unknown_Target
difenpiramide,0.15503875968992248,Unknown_Target
adefovir-dipivoxil,0.15503875968992248,Unknown_Target
sulphadimethoxine,0.15503875968992248,Unknown_Target
cidofovir,0.15503875968992248,Unknown_Target
moprolol,0.15503875968992248,Unknown_Target
BAY-K-8644-(+/-),0.15503875968992248,Unknown_Target
alagebrium,0.15503875968992248,Unknown_Target
3-CPMT,0.15503875968992248,Unknown_Target
isaxonine,0.15503875968992248,Unknown_Target
2-octyldodecan-1-ol,0.15503875968992248,Unknown_Target
piperazinedione,0.15503875968992248,Unknown_Target
lappaconite,0.15503875968992248,Unknown_Target
I-BZA2,0.15503875968992248,Unknown_Target
hydroquinidine,0.15503875968992248,Unknown_Target
diclazuril,0.15503875968992248,Unknown_Target
monensin,0.15503875968992248,Unknown_Target
valganciclovir,0.15503875968992248,Unknown_Target
neohesperidin,0.15503875968992248,Unknown_Target
aloperine,0.15503875968992248,Unknown_Target
mephenesin,0.15503875968992248,Unknown_Target
isobutamben,0.15503875968992248,Unknown_Target
3-(4-methylbenzylidene)camphor,0.15503875968992248,Unknown_Target
"2-ethyl-1,3-hexanediol",0.15503875968992248,Unknown_Target
mericitabine,0.15503875968992248,Unknown_Target
sulpiride,0.15503875968992248,Unknown_Target
stepronin,0.15503875968992248,Unknown_Target
troxerutin,0.15503875968992248,Unknown_Target
lanoconazole,0.15503875968992248,Unknown_Target
oxacillin,0.15503875968992248,Unknown_Target
oxacillin,0.15503875968992248,Unknown_Target
benzoxiquine,0.15503875968992248,Unknown_Target
ceftriaxone,0.15503875968992248,Unknown_Target
butylscopolamine-bromide,0.15503875968992248,Unknown_Target
chloramphenicol-palmitate,0.15503875968992248,Unknown_Target
mebrofenin,0.15503875968992248,Unknown_Target
anecortave-acetate,0.15503875968992248,Unknown_Target
pyridoxamine,0.15503875968992248,Unknown_Target
neo-gilurytmal,0.15503875968992248,Unknown_Target
prednisolone-tebutate,0.15503875968992248,Unknown_Target
phenylacetylglutamine,0.15503875968992248,Unknown_Target
Ro-106-9920,0.15503875968992248,Unknown_Target
VX-222,0.15503875968992248,Unknown_Target
lisofylline,0.15503875968992248,Unknown_Target
nitazoxanide,0.15503875968992248,Unknown_Target
BTZ043-racemate,0.15503875968992248,Unknown_Target
ST-1859,0.15503875968992248,Unknown_Target
ornidazole,0.15503875968992248,Unknown_Target
troxerutin,0.15503875968992248,Unknown_Target
captamine,0.15503875968992248,Unknown_Target
tedizolid-phosphate,0.15503875968992248,Unknown_Target
leucylleucine-methyl-ester,0.15503875968992248,Unknown_Target
moxisylyte,0.15503875968992248,Unknown_Target
doramectin,0.15503875968992248,Unknown_Target
chlorocresol,0.15503875968992248,Unknown_Target
monostearin,0.15503875968992248,Unknown_Target
capreomycin,0.15503875968992248,Unknown_Target
butoconazole,0.15503875968992248,Unknown_Target
lincomycin,0.15503875968992248,Unknown_Target
puerarin,0.15503875968992248,Unknown_Target
"1-((Z)-3-Chloroallyl)-1,3,5,7-tetraazaadamantan-1-ium",0.15503875968992248,Unknown_Target
florfenicol,0.15503875968992248,Unknown_Target
gastrodin,0.15503875968992248,Unknown_Target
NKP-1339,0.15503875968992248,Unknown_Target
diperodon,0.15503875968992248,Unknown_Target
KT-433,0.15503875968992248,Unknown_Target
dehydroacetic-acid,0.15503875968992248,Unknown_Target
MR-16728,0.15503875968992248,Unknown_Target
tiletamine,0.15503875968992248,Unknown_Target
nonoxynol-9,0.15503875968992248,Unknown_Target
N6-methyladenosine,0.15503875968992248,Unknown_Target
amikacin,0.15503875968992248,Unknown_Target
proxodolol,0.15503875968992248,Unknown_Target
ABT-202,0.15503875968992248,Unknown_Target
benurestat,0.15503875968992248,Unknown_Target
thonzylamine,0.15503875968992248,Unknown_Target
ethyl-vanillin,0.15503875968992248,Unknown_Target
pyrantel,0.15503875968992248,Unknown_Target
ethenzamide,0.15503875968992248,Unknown_Target
betamipron,0.15503875968992248,Unknown_Target
salicylamide,0.15503875968992248,Unknown_Target
tinidazole,0.15503875968992248,Unknown_Target
fosfomycin,0.15503875968992248,Unknown_Target
phenacaine,0.15503875968992248,Unknown_Target
amprolium,0.15503875968992248,Unknown_Target
homosalate,0.15503875968992248,Unknown_Target
xilobam,0.15503875968992248,Unknown_Target
paritaprevir,0.15503875968992248,Unknown_Target
thiamphenicol,0.15503875968992248,Unknown_Target
rolipram,0.15503875968992248,Unknown_Target
suloctidil,0.15503875968992248,Unknown_Target
retinaldehyde,0.15503875968992248,Unknown_Target
phenolsulfonphthalein,0.15503875968992248,Unknown_Target
nesbuvir,0.15503875968992248,Unknown_Target
"cis-9,trans-11-Conjugated-linoleic-acid",0.15503875968992248,Unknown_Target
allylthiourea,0.15503875968992248,Unknown_Target
clopidol,0.15503875968992248,Unknown_Target
sodium-gualenate,0.15503875968992248,Unknown_Target
fenticonazole,0.15503875968992248,Unknown_Target
diftalone,0.15503875968992248,Unknown_Target
amifampridine,0.15503875968992248,Unknown_Target
N-benzylnaltrindole,0.15503875968992248,Unknown_Target
terodiline,0.15503875968992248,Unknown_Target
bentazepam,0.15503875968992248,Unknown_Target
khellin,0.15503875968992248,Unknown_Target
oxfendazole,0.15503875968992248,Unknown_Target
oritavancin,0.15503875968992248,Unknown_Target
ML130,0.15503875968992248,Unknown_Target
FK-962,0.15503875968992248,Unknown_Target
DMP-543,0.15503875968992248,Unknown_Target
letosteine,0.15503875968992248,Unknown_Target
RS-16566,0.15503875968992248,Unknown_Target
misonidazole,0.15503875968992248,Unknown_Target
pyritinol,0.15503875968992248,Unknown_Target
"N-methyl-(-)ephedrine-[1r,2s]",0.15503875968992248,Unknown_Target
pregnenolone-succinate,0.15503875968992248,Unknown_Target
sclareol,0.15503875968992248,Unknown_Target
nadifloxacin,0.15503875968992248,Unknown_Target
nizofenone,0.15503875968992248,Unknown_Target
2-Chloropyrazine,0.15503875968992248,Unknown_Target
troleandomycin,0.15503875968992248,Unknown_Target
5-HMF,0.15503875968992248,Unknown_Target
sutezolid,0.15503875968992248,Unknown_Target
zopolrestat,0.15503875968992248,Unknown_Target
perchlozone,0.15503875968992248,Unknown_Target
prasterone-acetate,0.15503875968992248,Unknown_Target
radezolid,0.15503875968992248,Unknown_Target
bromantan,0.15503875968992248,Unknown_Target
linsidomine,0.15503875968992248,Unknown_Target
dideoxyadenosine,0.15503875968992248,Unknown_Target
sodium-tanshinone-ii-a-sulfonate,0.15503875968992248,Unknown_Target
cefmenoxime,0.15503875968992248,Unknown_Target
trolox,0.15503875968992248,Unknown_Target
"2,6-dimethylpiperidine",0.15503875968992248,Unknown_Target
etafenone,0.15503875968992248,Unknown_Target
terconazole,0.15503875968992248,Unknown_Target
xibenolol,0.15503875968992248,Unknown_Target
methoxyphenamine,0.15503875968992248,Unknown_Target
gly-gln,0.15503875968992248,Unknown_Target
drofenine,0.15503875968992248,Unknown_Target
foscarnet,0.15503875968992248,Unknown_Target
novobiocin,0.15503875968992248,Unknown_Target
ramifenazone,0.15503875968992248,Unknown_Target
zalcitabine,0.15503875968992248,Unknown_Target
phenothrin,0.15503875968992248,Unknown_Target
sulmazole,0.15503875968992248,Unknown_Target
nifursol,0.15503875968992248,Unknown_Target
piperacillin,0.15503875968992248,Unknown_Target
nornicotine,0.15503875968992248,Unknown_Target
N-acetyl-tyrosine,0.15503875968992248,Unknown_Target
levodropropizine,0.15503875968992248,Unknown_Target
centpropazine,0.15503875968992248,Unknown_Target
pimethixene,0.15503875968992248,Unknown_Target
IPAG,0.15503875968992248,Unknown_Target
proxyphylline,0.15503875968992248,Unknown_Target
tetrahydrozoline,0.15503875968992248,Unknown_Target
ethylenediaminetetraacetic-acid,0.15503875968992248,Unknown_Target
tazobactam,0.15503875968992248,Unknown_Target
salinomycin,0.15503875968992248,Unknown_Target
salinomycin,0.15503875968992248,Unknown_Target
inositol-hexanicotinate,0.15503875968992248,Unknown_Target
cetylpyridinium,0.15503875968992248,Unknown_Target
CL-225385,0.15503875968992248,Unknown_Target
"5-Amino-3-D-ribofuranosylthiazolo[4,5-d]pyrimidin-2,7(3H,6H)-dione",0.15503875968992248,Unknown_Target
daclatasvir,0.15503875968992248,Unknown_Target
diroximel-fumarate,0.15503875968992248,Unknown_Target
ceftiofur,0.15503875968992248,Unknown_Target
pasiniazid,0.15503875968992248,Unknown_Target
CI-844,0.15503875968992248,Unknown_Target
GR-135531,0.15503875968992248,Unknown_Target
butofilolol,0.15503875968992248,Unknown_Target
azodicarbonamide,0.15503875968992248,Unknown_Target
asunaprevir,0.15503875968992248,Unknown_Target
closantel,0.15503875968992248,Unknown_Target
edoxudine,0.15503875968992248,Unknown_Target
chloroxoquinoline,0.15503875968992248,Unknown_Target
tuaminoheptane,0.15503875968992248,Unknown_Target
narasin,0.15503875968992248,Unknown_Target
hydrocortisone-valerate,0.15503875968992248,Unknown_Target
levodropropizine,0.15503875968992248,Unknown_Target
troventol,0.15503875968992248,Unknown_Target
5-iodo-A-85380,0.15503875968992248,Unknown_Target
monoctanoin,0.15503875968992248,Unknown_Target
triacetin,0.15503875968992248,Unknown_Target
norethindrone-acetate,0.15503875968992248,Unknown_Target
methylprednisolone-sodium-succinate,0.15503875968992248,Unknown_Target
hydroxytoluic-acid,0.15503875968992248,Unknown_Target
ioxilan,0.15503875968992248,Unknown_Target
dinitolmide,0.15503875968992248,Unknown_Target
cephalosporin-c-zn,0.15503875968992248,Unknown_Target
ethambutol,0.15503875968992248,Unknown_Target
iodoquinol,0.15503875968992248,Unknown_Target
iopamidol,0.15503875968992248,Unknown_Target
scopine,0.15503875968992248,Unknown_Target
VCH-916,0.15503875968992248,Unknown_Target
perflubron,0.15503875968992248,Unknown_Target
flumecinol,0.15503875968992248,Unknown_Target
cefpiramide,0.15503875968992248,Unknown_Target
prolylleucylglycinamide,0.15503875968992248,Unknown_Target
iopanic-acid,0.15503875968992248,Unknown_Target
clobutinol,0.15503875968992248,Unknown_Target
tipranavir,0.15503875968992248,Unknown_Target
3-alpha-Hydroxy-5-beta-androstan-17-one,0.15503875968992248,Unknown_Target
propranolol,0.15503875968992248,Unknown_Target
nitromide,0.15503875968992248,Unknown_Target
piperonyl-butoxide,0.15503875968992248,Unknown_Target
enrofloxacin,0.15503875968992248,Unknown_Target
mercaptosuccinic-acid,0.15503875968992248,Unknown_Target
nicotinyl-alcohol-tartrate,0.15503875968992248,Unknown_Target
mebicar,0.15503875968992248,Unknown_Target
linalool,0.15503875968992248,Unknown_Target
idoxuridine,0.15503875968992248,Unknown_Target
idoxuridine,0.15503875968992248,Unknown_Target
praziquantel,0.15503875968992248,Unknown_Target
amyleine,0.15503875968992248,Unknown_Target
metrizamide,0.15503875968992248,Unknown_Target
amylene-hydrate,0.15503875968992248,Unknown_Target
protionamide,0.15503875968992248,Unknown_Target
letermovir,0.15503875968992248,Unknown_Target
N-acetyltryptamine,0.15503875968992248,Unknown_Target
hexaminolevulinate,0.15503875968992248,Unknown_Target
geniposidic-acid,0.15503875968992248,Unknown_Target
geniposidic-acid,0.15503875968992248,Unknown_Target
ronidazole,0.15503875968992248,Unknown_Target
paeonol,0.15503875968992248,Unknown_Target
difloxacin,0.15503875968992248,Unknown_Target
cotinine,0.15503875968992248,Unknown_Target
diethyltoluamide,0.15503875968992248,Unknown_Target
medronic-acid,0.15503875968992248,Unknown_Target
ecamsule-triethanolamine,0.15503875968992248,Unknown_Target
stavudine,0.15503875968992248,Unknown_Target
balofloxacin,0.15503875968992248,Unknown_Target
iodixanol,0.15503875968992248,Unknown_Target
N-MPPP,0.15503875968992248,Unknown_Target
L-Theanine,0.15503875968992248,Unknown_Target
oseltamivir-carboxylate,0.15503875968992248,Unknown_Target
NSI-189,0.15503875968992248,Unknown_Target
isepamicin,0.15503875968992248,Unknown_Target
levobunolol-(+/-),0.15503875968992248,Unknown_Target
iododexetimide,0.15503875968992248,Unknown_Target
tetramisole,0.15503875968992248,Unknown_Target
"trans-4-[8-(3-Fluorophenyl)-1,7-naphthyridin-6-yl]cyclohexanecarboxylic-acid",0.15503875968992248,Unknown_Target
hordenine,0.15503875968992248,Unknown_Target
ipriflavone,0.15503875968992248,Unknown_Target
diacetamate,0.15503875968992248,Unknown_Target
hydrocortisone,0.15503875968992248,Unknown_Target
BL-5583,0.15503875968992248,Unknown_Target
melengestrol-acetate,0.15503875968992248,Unknown_Target
fosfomycin,0.15503875968992248,Unknown_Target
erythritol,0.15503875968992248,Unknown_Target
vancomycin,0.15503875968992248,Unknown_Target
quipazine,0.15503875968992248,Unknown_Target
cefepime,0.15503875968992248,Unknown_Target
L-Hydroxyproline,0.15503875968992248,Unknown_Target
chlorphensin-carbamate,0.15503875968992248,Unknown_Target
KU14R,0.15503875968992248,Unknown_Target
oxiperomide,0.15503875968992248,Unknown_Target
osthol,0.15503875968992248,Unknown_Target
mepiroxol,0.15503875968992248,Unknown_Target
m-THP,0.15503875968992248,Unknown_Target
iocetamic-acid,0.15503875968992248,Unknown_Target
hematoxylin,0.15503875968992248,Unknown_Target
SCS,0.15503875968992248,Unknown_Target
EXO-1,0.15503875968992248,Unknown_Target
amorolfine,0.15503875968992248,Unknown_Target
colistin-b-sulfate,0.15503875968992248,Unknown_Target
anethole-trithione,0.15503875968992248,Unknown_Target
SB-328437,0.15503875968992248,Unknown_Target
barnidipine,0.15503875968992248,Unknown_Target
suxibuzone,0.15503875968992248,Unknown_Target
N-[2-(Piperidinylamino)ethyl]-4-iodobenzamide,0.15503875968992248,Unknown_Target
SN-6,0.15503875968992248,Unknown_Target
bedaquiline,0.15503875968992248,Unknown_Target
emorfazone,0.15503875968992248,Unknown_Target
nitrofurazone,0.15503875968992248,Unknown_Target
natamycin,0.15503875968992248,Unknown_Target
chlorquinaldol,0.15503875968992248,Unknown_Target
AMG-487,0.15503875968992248,Unknown_Target
isovaleramide,0.15503875968992248,Unknown_Target
ioxaglic-acid,0.15503875968992248,Unknown_Target
dibenzepine,0.15503875968992248,Unknown_Target
tromaril,0.15503875968992248,Unknown_Target
AGP-103,0.15503875968992248,Unknown_Target
tiabendazole,0.15503875968992248,Unknown_Target
A-33903,0.15503875968992248,Unknown_Target
glycerol-monolaurate,0.15503875968992248,Unknown_Target
sulfanitran,0.15503875968992248,Unknown_Target
esaprazole,0.15503875968992248,Unknown_Target
nitrofurantoin,0.15503875968992248,Unknown_Target
procysteine,0.15503875968992248,Unknown_Target
algestone-acetophenide,0.15503875968992248,Unknown_Target
bacampicillin,0.15503875968992248,Unknown_Target
cefminox,0.15503875968992248,Unknown_Target
phthalylsulfacetamide,0.15503875968992248,Unknown_Target
oglemilast,0.15503875968992248,Unknown_Target
tosufloxacin,0.15503875968992248,Unknown_Target
sodium-picosulfate,0.15503875968992248,Unknown_Target
lactulose,0.15503875968992248,Unknown_Target
carbazochrome,0.15503875968992248,Unknown_Target
isoxepac,0.15503875968992248,Unknown_Target
bornyl-acetate,0.15503875968992248,Unknown_Target
secoisolariciresinol-diglucoside,0.15503875968992248,Unknown_Target
dehydrocholate-acid,0.15503875968992248,Unknown_Target
GBR-12783,0.15503875968992248,Unknown_Target
abafungin,0.15503875968992248,Unknown_Target
adefovir,0.15503875968992248,Unknown_Target
meparfylon,0.15503875968992248,Unknown_Target
tiquizium,0.15503875968992248,Unknown_Target
gemifloxacin,0.15503875968992248,Unknown_Target
BAY-85-8050,0.15503875968992248,Unknown_Target
trans-4-Hydroxycrotonic-acid,0.15503875968992248,Unknown_Target
aminohydroxybutyric-acid,0.15503875968992248,Unknown_Target
fenoverine,0.15503875968992248,Unknown_Target
nikethamide,0.15503875968992248,Unknown_Target
dropropizine,0.15503875968992248,Unknown_Target
octinoxate,0.15503875968992248,Unknown_Target
pazufloxacin,0.15503875968992248,Unknown_Target
salicyl-alcohol,0.15503875968992248,Unknown_Target
butyl-paraben,0.15503875968992248,Unknown_Target
N-salicoylaminophenol,0.15503875968992248,Unknown_Target
1-ethyl-2-pyrrolidone,0.15503875968992248,Unknown_Target
chlorobutanol,0.15503875968992248,Unknown_Target
nithiamide,0.15503875968992248,Unknown_Target
nithiamide,0.15503875968992248,Unknown_Target
dexchlorpheniramine,0.15503875968992248,Unknown_Target
cyacetacide,0.15503875968992248,Unknown_Target
atipamezole,0.15503875968992248,Unknown_Target
bisacodyl,0.15503875968992248,Unknown_Target
ID-8,0.15503875968992248,Unknown_Target
sarafloxacin,0.15503875968992248,Unknown_Target
beta-glycerophosphoric-acid,0.15503875968992248,Unknown_Target
octocrylene,0.15503875968992248,Unknown_Target
morniflumate,0.15503875968992248,Unknown_Target
tremorine,0.15503875968992248,Unknown_Target
fenaclon,0.15503875968992248,Unknown_Target
actinoquinol,0.15503875968992248,Unknown_Target
TPPS4,0.15503875968992248,Unknown_Target
org-26576,0.15503875968992248,Unknown_Target
rolziracetam,0.15503875968992248,Unknown_Target
4-phenolsulfonic-acid,0.15503875968992248,Unknown_Target
ceramide,0.15503875968992248,Unknown_Target
oxyclozanide,0.15503875968992248,Unknown_Target
7-methylxanthine,0.15503875968992248,Unknown_Target
coumophos,0.15503875968992248,Unknown_Target
paroxypropione,0.15503875968992248,Unknown_Target
sulfapyridine,0.15503875968992248,Unknown_Target
norethisterone-enanthate,0.15503875968992248,Unknown_Target
7-keto-DHEA,0.15503875968992248,Unknown_Target
parachlorophenol,0.15503875968992248,Unknown_Target
propoxur,0.15503875968992248,Unknown_Target
PSI-6130,0.15503875968992248,Unknown_Target
lacitol,0.15503875968992248,Unknown_Target
QX-222,0.15503875968992248,Unknown_Target
lincomycin,0.15503875968992248,Unknown_Target
medorinone,0.15503875968992248,Unknown_Target
danoprevir,0.15503875968992248,Unknown_Target
astragaloside-a,0.15503875968992248,Unknown_Target
entecavir,0.15503875968992248,Unknown_Target
sulisobenzone,0.15503875968992248,Unknown_Target
diazooxonorleucine,0.15503875968992248,Unknown_Target
cinnarazine,0.15503875968992248,Unknown_Target
broxaldine,0.15503875968992248,Unknown_Target
ethaverine,0.15503875968992248,Unknown_Target
meclofenoxate,0.15503875968992248,Unknown_Target
tasuldine,0.15503875968992248,Unknown_Target
cyromazine,0.15503875968992248,Unknown_Target
paromomycin,0.15503875968992248,Unknown_Target
ethacizin,0.15503875968992248,Unknown_Target
xylose,0.15503875968992248,Unknown_Target
riodipine,0.15503875968992248,Unknown_Target
sitafloxacin,0.15503875968992248,Unknown_Target
tetramethylthiuram-monosulfide,0.15503875968992248,Unknown_Target
pyrithyldione,0.15503875968992248,Unknown_Target
nifurtimox,0.15503875968992248,Unknown_Target
sodium-glucoheptonate,0.15503875968992248,Unknown_Target
polidocanol,0.15503875968992248,Unknown_Target
liranaftate,0.15503875968992248,Unknown_Target
laurocapram,0.15503875968992248,Unknown_Target
OAC1,0.15503875968992248,Unknown_Target
danegaptide,0.15503875968992248,Unknown_Target
besifloxacin,0.15503875968992248,Unknown_Target
dantron,0.15503875968992248,Unknown_Target
zolantidine,0.15503875968992248,Unknown_Target
piromidic-acid,0.15503875968992248,Unknown_Target
narlaprevir,0.15503875968992248,Unknown_Target
pipemidic-acid,0.15503875968992248,Unknown_Target
gadodiamide,0.15503875968992248,Unknown_Target
ethamivan,0.15503875968992248,Unknown_Target
afobazole,0.15503875968992248,Unknown_Target
tylosin,0.15503875968992248,Unknown_Target
fipexide,0.15503875968992248,Unknown_Target
piromidic-acid,0.15503875968992248,Unknown_Target
DS2-(806622),0.15503875968992248,Unknown_Target
tonabersat,0.15503875968992248,Unknown_Target
idebenone,0.15503875968992248,Unknown_Target
elbasvir,0.15503875968992248,Unknown_Target
atazanavir,0.15503875968992248,Unknown_Target
deferoxamine-mesylate,0.15503875968992248,Unknown_Target
1-hexadecanol,0.15503875968992248,Unknown_Target
enisamium-iodide,0.15503875968992248,Unknown_Target
lycopene,0.15503875968992248,Unknown_Target
fexinidazole,0.15503875968992248,Unknown_Target
cinnarazine,0.15503875968992248,Unknown_Target
"1,3-dipropyl-8-phenylxanthine",0.15503875968992248,Unknown_Target
ethopabate,0.15503875968992248,Unknown_Target
presatovir,0.15503875968992248,Unknown_Target
trichloroethylene,0.15503875968992248,Unknown_Target
liothyronine-(isomer),0.15503875968992248,Unknown_Target
o-3M3FBS,0.15503875968992248,Unknown_Target
A-7,0.15503875968992248,Unknown_Target
ravuconazole,0.15503875968992248,Unknown_Target
DMNB,0.15503875968992248,Unknown_Target
NXY-059,0.15503875968992248,Unknown_Target
danofloxacin,0.15503875968992248,Unknown_Target
favipiravir,0.15503875968992248,Unknown_Target
pramoxine,0.15503875968992248,Unknown_Target
octenidine,0.15503875968992248,Unknown_Target
YO-01027,0.15503875968992248,Unknown_Target
D-delta-Tocopherol,0.15503875968992248,Unknown_Target
clemizole,0.15503875968992248,Unknown_Target
ursodeoxycholyltaurine,0.15503875968992248,Unknown_Target
phytosphingosine,0.15503875968992248,Unknown_Target
zolimidine,0.15503875968992248,Unknown_Target
mezlocillin,0.15503875968992248,Unknown_Target
valaciclovir,0.15503875968992248,Unknown_Target
lersivirine,0.15503875968992248,Unknown_Target
sulfaguanidine,0.15503875968992248,Unknown_Target
methiazole,0.15503875968992248,Unknown_Target
bromhexine,0.15503875968992248,Unknown_Target
nifenazone,0.15503875968992248,Unknown_Target
ecabapide,0.15503875968992248,Unknown_Target
"hydrastine-(1r,-9s)",0.15503875968992248,Unknown_Target
acedoben,0.15503875968992248,Unknown_Target
phenylbenzimidazole-sulfonic-acid,0.15503875968992248,Unknown_Target
cefuroxime,0.15503875968992248,Unknown_Target
cetrimonium,0.15503875968992248,Unknown_Target
CRT0044876,0.15503875968992248,Unknown_Target
acetylsalicylsalicylic-acid,0.15503875968992248,Unknown_Target
clofoctol,0.15503875968992248,Unknown_Target
cefozopran,0.15503875968992248,Unknown_Target
dasabuvir,0.15503875968992248,Unknown_Target
BMS-299897,0.15503875968992248,Unknown_Target
cinepazide,0.15503875968992248,Unknown_Target
cafestol,0.15503875968992248,Unknown_Target
KP-1212,0.15503875968992248,Unknown_Target
thiazovivin,0.15503875968992248,Unknown_Target
sulfaguanidine,0.15503875968992248,Unknown_Target
HA-1004,0.15503875968992248,Unknown_Target
2-hydroxyethyl-salicylate,0.15503875968992248,Unknown_Target
creatinol-phosphate,0.15503875968992248,Unknown_Target
opipramol,0.15503875968992248,Unknown_Target
nerbacadol,0.15503875968992248,Unknown_Target
hemoglobin-modulators-1,0.15503875968992248,Unknown_Target
YS-035,0.15503875968992248,Unknown_Target
atglistatin,0.15503875968992248,Unknown_Target
lofemizole,0.15503875968992248,Unknown_Target
ADD-233089,0.15503875968992248,Unknown_Target
SR-33805,0.15503875968992248,Unknown_Target
trans-2-Undecenoic-acid,0.15503875968992248,Unknown_Target
gemcadiol,0.15503875968992248,Unknown_Target
CFM-2,0.15503875968992248,Unknown_Target
L-methionine,0.15503875968992248,Unknown_Target
isbufylline,0.15503875968992248,Unknown_Target
trichloroacetic-acid,0.15503875968992248,Unknown_Target
fiacitabine,0.15503875968992248,Unknown_Target
A-769662,0.15503875968992248,Unknown_Target
streptomycin,0.15503875968992248,Unknown_Target
frentizole,0.15503875968992248,Unknown_Target
ilepcimide,0.15503875968992248,Unknown_Target
dixanthogen,0.15503875968992248,Unknown_Target
famciclovir,0.15503875968992248,Unknown_Target
bromosporine,0.15503875968992248,Unknown_Target
ledipasvir,0.15503875968992248,Unknown_Target
atenolol-(-),0.15503875968992248,Unknown_Target
HQK-1001,0.15503875968992248,Unknown_Target
fomocaine,0.15503875968992248,Unknown_Target
tobramycin,0.15503875968992248,Unknown_Target
ZAPA,0.15503875968992248,Unknown_Target
beclamide,0.15503875968992248,Unknown_Target
FH1,0.15503875968992248,Unknown_Target
TU-2100,0.15503875968992248,Unknown_Target
penicillin-v-potassium,0.15503875968992248,Unknown_Target
zoxazolamine,0.15503875968992248,Unknown_Target
raltegravir,0.15503875968992248,Unknown_Target
dicloxacillin,0.15503875968992248,Unknown_Target
PSI-7976,0.15503875968992248,Unknown_Target
tolnaftate,0.15503875968992248,Unknown_Target
sofosbuvir,0.15503875968992248,Unknown_Target
sulbactam,0.15503875968992248,Unknown_Target
hyodeoxycholic-acid,0.15503875968992248,Unknown_Target
diloxanide,0.15503875968992248,Unknown_Target
clotiapine,0.15503875968992248,Unknown_Target
acetanilide,0.15503875968992248,Unknown_Target
JNJ-26990990,0.15503875968992248,Unknown_Target
bevirimat-dimeglumine,0.15503875968992248,Unknown_Target
BD-1008,0.15503875968992248,Unknown_Target
pritelivir,0.15503875968992248,Unknown_Target
tangeritin,0.15503875968992248,Unknown_Target
cinflumide,0.15503875968992248,Unknown_Target
CX-516,0.15503875968992248,Unknown_Target
triclocarban,0.15503875968992248,Unknown_Target
grazoprevir,0.15503875968992248,Unknown_Target
CH-170,0.15503875968992248,Unknown_Target
perfluamine,0.15503875968992248,Unknown_Target
tricaprylin,0.15503875968992248,Unknown_Target
sulfametopyrazine,0.15503875968992248,Unknown_Target
ethacridine-lactate-monohydrate,0.15503875968992248,Unknown_Target
bucillamine,0.15503875968992248,Unknown_Target
chloroxylenol,0.15503875968992248,Unknown_Target
abacavir,0.15503875968992248,Unknown_Target
delamanid,0.15503875968992248,Unknown_Target
cintriamide,0.15503875968992248,Unknown_Target
modaline,0.15503875968992248,Unknown_Target
chuanxiongzine,0.15503875968992248,Unknown_Target
etebenecid,0.15503875968992248,Unknown_Target
bifendate,0.15503875968992248,Unknown_Target
lobendazole,0.15503875968992248,Unknown_Target
xanthone,0.15503875968992248,Unknown_Target
azomycin-(2-nitroimidazole),0.15503875968992248,Unknown_Target
tenofovir,0.15503875968992248,Unknown_Target
aklomide,0.15503875968992248,Unknown_Target
fenspiride,0.15503875968992248,Unknown_Target
tegobuvir,0.15503875968992248,Unknown_Target
tilmicosin,0.15503875968992248,Unknown_Target
vanitiolide,0.15503875968992248,Unknown_Target
josamycin,0.15503875968992248,Unknown_Target
L-ergothioneine,0.15503875968992248,Unknown_Target
K-Ras(G12C)-inhibitor-6,0.15503875968992248,Unknown_Target
piperacetazine,0.15503875968992248,Unknown_Target
"trans-10,cis-12-Conjugated-linoleic-acid",0.15503875968992248,Unknown_Target
RS-45041-190,0.15503875968992248,Unknown_Target
gramine,0.15503875968992248,Unknown_Target
metacetamol,0.15503875968992248,Unknown_Target
resibufogenin,0.15503875968992248,Unknown_Target
penicillamine-(D),0.15503875968992248,Unknown_Target
tecovirimat,0.15503875968992248,Unknown_Target
caprylic-acid,0.15503875968992248,Unknown_Target
cefetamet-pivoxil,0.15503875968992248,Unknown_Target
OCO-1112,0.15503875968992248,Unknown_Target
U-18666A,0.15503875968992248,Unknown_Target
phenprobamate,0.15503875968992248,Unknown_Target
merbromin,0.15503875968992248,Unknown_Target
ST-91,0.15503875968992248,Unknown_Target
clevudine,0.15503875968992248,Unknown_Target
sulfacetamide,0.15503875968992248,Unknown_Target
chlorazanil,0.15503875968992248,Unknown_Target
beta-naphthol,0.15503875968992248,Unknown_Target
mexeneone,0.15503875968992248,Unknown_Target
pramiracetam,0.15503875968992248,Unknown_Target
colforsin-daproate,0.15503875968992248,Unknown_Target
mefexamide,0.15503875968992248,Unknown_Target
benzoylpas,0.15503875968992248,Unknown_Target
oxiniacic-acid,0.15503875968992248,Unknown_Target
cefaclor,0.15503875968992248,Unknown_Target
ethimizol,0.15503875968992248,Unknown_Target
LY411575,0.15503875968992248,Unknown_Target
digoxigenin,0.15503875968992248,Unknown_Target
dioxybenzone,0.15503875968992248,Unknown_Target
urethane,0.15503875968992248,Unknown_Target
benzyldimethylhexadecylammonium,0.15503875968992248,Unknown_Target
pridinol,0.15503875968992248,Unknown_Target
decoquinate,0.15503875968992248,Unknown_Target
paraxanthine,0.15503875968992248,Unknown_Target
AFN-1252,0.15503875968992248,Unknown_Target
dichlorvos,0.15503875968992248,Unknown_Target
BCI-540,0.15503875968992248,Unknown_Target
oxelaidin,0.15503875968992248,Unknown_Target
clindamycin,0.15503875968992248,Unknown_Target
broxyquinoline,0.15503875968992248,Unknown_Target
pirodavir,0.15503875968992248,Unknown_Target
dizocilpine-(-),0.15503875968992248,Unknown_Target
propoxycaine,0.15503875968992248,Unknown_Target
O-1918,0.15503875968992248,Unknown_Target
ganciclovir,0.15503875968992248,Unknown_Target
ganciclovir,0.15503875968992248,Unknown_Target
gidazepam,0.15503875968992248,Unknown_Target
uridine-triacetate,0.15503875968992248,Unknown_Target
DVD-111,0.15503875968992248,Unknown_Target
butamben,0.15503875968992248,Unknown_Target
tiaramide,0.15503875968992248,Unknown_Target
piperaquine-phosphate,0.15503875968992248,Unknown_Target
solithromycin,0.15503875968992248,Unknown_Target
exalamide,0.15503875968992248,Unknown_Target
retapamulin,0.15503875968992248,Unknown_Target
sparteine-sulfate,0.15503875968992248,Unknown_Target
moxaverine,0.15503875968992248,Unknown_Target
valrocemide,0.15503875968992248,Unknown_Target
D-7193,0.15503875968992248,Unknown_Target
nifekalant,0.15503875968992248,Unknown_Target
sulfadiazine,0.15503875968992248,Unknown_Target
sulfachlorpyridazine,0.15503875968992248,Unknown_Target
sulbutiamine,0.15503875968992248,Unknown_Target
haloprogin,0.15503875968992248,Unknown_Target
carsalam,0.15503875968992248,Unknown_Target
sulfamethizole,0.15503875968992248,Unknown_Target
rifamycin-sv,0.15503875968992248,Unknown_Target
thonzonium,0.15503875968992248,Unknown_Target
isopropyl-myristate,0.15503875968992248,Unknown_Target
oxonic-acid,0.15503875968992248,Unknown_Target
lirimilast,0.15503875968992248,Unknown_Target
amidopyrine,0.15503875968992248,Unknown_Target
actarit,0.15503875968992248,Unknown_Target
acetyl-l-leucine,0.15503875968992248,Unknown_Target
cibenzoline,0.15503875968992248,Unknown_Target
gadoterate-meglumine,0.15503875968992248,Unknown_Target
ceftibuten,0.15503875968992248,Unknown_Target
niceritrol,0.15503875968992248,Unknown_Target
methoprene-(s),0.15503875968992248,Unknown_Target
tilorone,0.15503875968992248,Unknown_Target
methicillin,0.15503875968992248,Unknown_Target
teprenone,0.15503875968992248,Unknown_Target
dipeptamin,0.15503875968992248,Unknown_Target
sesamin,0.15503875968992248,Unknown_Target
vanillylacetone,0.15503875968992248,Unknown_Target
sulfamethazine,0.15503875968992248,Unknown_Target
denatonium-benzoate,0.15503875968992248,Unknown_Target
sulfamethazine,0.15503875968992248,Unknown_Target
cefonicid,0.15503875968992248,Unknown_Target
furazolidone,0.15503875968992248,Unknown_Target
valnemulin,0.15503875968992248,Unknown_Target
methylthiouracil,0.15503875968992248,Unknown_Target
betaine,0.15503875968992248,Unknown_Target
sulfacarbamide,0.15503875968992248,Unknown_Target
creatinine,0.15503875968992248,Unknown_Target
naringin-dihydrochalcone,0.15503875968992248,Unknown_Target
C-751,0.15503875968992248,Unknown_Target
meglumine,0.15503875968992248,Unknown_Target
benzydamine,0.15503875968992248,Unknown_Target
sulfamethoxazole,0.15503875968992248,Unknown_Target
piconol,0.15503875968992248,Unknown_Target
fmoc-l-leucine,0.15503875968992248,Unknown_Target
R-1479,0.15503875968992248,Unknown_Target
mecarbinate,0.15503875968992248,Unknown_Target
20-hydroxyecdysone,0.15503875968992248,Unknown_Target
cephalothin,0.15503875968992248,Unknown_Target
FR-122047,0.15503875968992248,Unknown_Target
N-acetylglycyl-D-glutamic-acid,0.15503875968992248,Unknown_Target
"chromanol-293B-(-)-[3R,4S]",0.15503875968992248,Unknown_Target
flucloxacillin,0.15503875968992248,Unknown_Target
cyclovirobuxin-d,0.15503875968992248,Unknown_Target
cefetamet,0.15503875968992248,Unknown_Target
clindamycin-phosphate,0.15503875968992248,Unknown_Target
pleconaril,0.15503875968992248,Unknown_Target
cefcapene-pivoxil,0.15503875968992248,Unknown_Target
mupirocin,0.15503875968992248,Unknown_Target
salazodine,0.15503875968992248,Unknown_Target
emoxipin,0.15503875968992248,Unknown_Target
"ICI-185,282",0.15503875968992248,Unknown_Target
miocamycin,0.15503875968992248,Unknown_Target
isopropyl-palmitate,0.15503875968992248,Unknown_Target
aceglutamide,0.15503875968992248,Unknown_Target
naphthoquine-phosphate,0.15503875968992248,Unknown_Target
domiphen,0.15503875968992248,Unknown_Target
sulfamonomethoxine,0.15503875968992248,Unknown_Target
mannitol-D,0.15503875968992248,Unknown_Target
RSV604,0.15503875968992248,Unknown_Target
dimesna,0.15503875968992248,Unknown_Target
methenamine,0.15503875968992248,Unknown_Target
"mebhydroline-1,5-naphtalenedisulfonate",0.15503875968992248,Unknown_Target
mebhydrolin,0.15503875968992248,Unknown_Target
zometapine,0.15503875968992248,Unknown_Target
cinoxacin,0.15503875968992248,Unknown_Target
flurothyl,0.15503875968992248,Unknown_Target
pantothenic-acid,0.15503875968992248,Unknown_Target
erythrosine,0.15503875968992248,Unknown_Target
dexamethasone-acetate,0.15503875968992248,Unknown_Target
pidotimod,0.15503875968992248,Unknown_Target
ethyl-paraben,0.15503875968992248,Unknown_Target
camylofine-chlorhydrate,0.15503875968992248,Unknown_Target
cloperastine,0.15503875968992248,Unknown_Target
NPC-01,0.15503875968992248,Unknown_Target
meticrane,0.15503875968992248,Unknown_Target
betamethasone-dipropionate,0.15503875968992248,Unknown_Target
pentylenetetrazol,0.15503875968992248,Unknown_Target
fidaxomicin,0.15503875968992248,Unknown_Target
moroxydine,0.15503875968992248,Unknown_Target
Ro-9187,0.15503875968992248,Unknown_Target
ginsenoside-rd,0.15503875968992248,Unknown_Target
crotamiton,0.15503875968992248,Unknown_Target
cresol,0.15503875968992248,Unknown_Target
oxethazaine,0.15503875968992248,Unknown_Target
fluroxene,0.15503875968992248,Unknown_Target
tiopronin,0.15503875968992248,Unknown_Target
piketoprofen,0.15503875968992248,Unknown_Target
carbadox,0.15503875968992248,Unknown_Target
nitarsone,0.15503875968992248,Unknown_Target
potassium-p-aminobenzoate,0.15503875968992248,Unknown_Target
cresopirine,0.15503875968992248,Unknown_Target
NSC-23766,0.15503875968992248,Unknown_Target
cefotetan,0.15503875968992248,Unknown_Target
palmitoylcarnitine,0.15503875968992248,Unknown_Target
levocarnitine,0.15503875968992248,Unknown_Target
MRS1845,0.15503875968992248,Unknown_Target
phenothiazine,0.15503875968992248,Unknown_Target
S-Sulfo-L-cysteine-sodium-salt,0.15503875968992248,Unknown_Target
tedizolid,0.15503875968992248,Unknown_Target
editol,0.15503875968992248,Unknown_Target
nefopam,0.15503875968992248,Unknown_Target
2-thiouracil,0.15503875968992248,Unknown_Target
tafenoquine,0.15503875968992248,Unknown_Target
AZ3146,0.15503875968992248,Unknown_Target
fosamprenavir,0.15503875968992248,Unknown_Target
faropenem-medoxomil,0.15503875968992248,Unknown_Target
ML161,0.15503875968992248,Unknown_Target
sucralose,0.15503875968992248,Unknown_Target
glutathione-monoisopropyl-ester,0.15503875968992248,Unknown_Target
pikamilone,0.15503875968992248,Unknown_Target
clofazimine,0.15503875968992248,Unknown_Target
clopamide,0.15503875968992248,Unknown_Target
elvitegravir,0.15503875968992248,Unknown_Target
bucetin,0.15503875968992248,Unknown_Target
fudosteine,0.15503875968992248,Unknown_Target
fudosteine,0.15503875968992248,Unknown_Target
procodazole,0.15503875968992248,Unknown_Target
trioxsalen,0.15503875968992248,Unknown_Target
artesunate,0.15503875968992248,Unknown_Target
thiodiglycol,0.15503875968992248,Unknown_Target
carnitine-(D/L),0.15503875968992248,Unknown_Target
efloxate,0.15503875968992248,Unknown_Target
PR-619,0.15503875968992248,Unknown_Target
guaifenesin,0.15503875968992248,Unknown_Target
dichlorisone-acetate,0.15503875968992248,Unknown_Target
dichlorisone-acetate,0.15503875968992248,Unknown_Target
cabaletta,0.15503875968992248,Unknown_Target
adrafinil,0.15503875968992248,Unknown_Target
eprinomectin,0.15503875968992248,Unknown_Target
benzo[d]thiazole-2(3h)-thione,0.15503875968992248,Unknown_Target
apricitabine,0.15503875968992248,Unknown_Target
nibentan,0.15503875968992248,Unknown_Target
5-methylhydantoin-(L),0.15503875968992248,Unknown_Target
cefpirome,0.15503875968992248,Unknown_Target
benznidazole,0.15503875968992248,Unknown_Target
BU226,0.15503875968992248,Unknown_Target
L-(+)-Rhamnose-Monohydrate,0.15503875968992248,Unknown_Target
oxiconazole,0.15503875968992248,Unknown_Target
MMPX,0.15503875968992248,Unknown_Target
ractopamine,0.15503875968992248,Unknown_Target
"1-(1,2-Diphenylethyl)piperidine-(+/-)",0.15503875968992248,Unknown_Target
benzylpenicillin,0.15503875968992248,Unknown_Target
sorbic-acid,0.15503875968992248,Unknown_Target
lobenzarit,0.15503875968992248,Unknown_Target
BMS-806,0.15503875968992248,Unknown_Target
nicaraven,0.15503875968992248,Unknown_Target
moguisteine,0.15503875968992248,Unknown_Target
pronethalol,0.15503875968992248,Unknown_Target
sulfadoxine,0.15503875968992248,Unknown_Target
FPL-62064,0.15503875968992248,Unknown_Target
sulfabenzamide,0.15503875968992248,Unknown_Target
clindamycin-palmitate,0.15503875968992248,Unknown_Target
naftidrofuryl,0.15503875968992248,Unknown_Target
albendazole-oxide,0.15503875968992248,Unknown_Target
"CBS,-N-Cyclohexyl-2-benzothiazolesulfenamide",0.15503875968992248,Unknown_Target
BTS,0.15503875968992248,Unknown_Target
hygromycin-b,0.15503875968992248,Unknown_Target
gadobutrol,0.15503875968992248,Unknown_Target
spiramycin,0.15503875968992248,Unknown_Target
dihydrostreptomycin,0.15503875968992248,Unknown_Target
ethylnorepinephrine,0.15503875968992248,Unknown_Target
NM107,0.15503875968992248,Unknown_Target
troxipide,0.15503875968992248,Unknown_Target
U-0124,0.15503875968992248,Unknown_Target
norcyclobenzaprine,0.15503875968992248,Unknown_Target
MNITMT,0.15503875968992248,Unknown_Target
pinitol,0.15503875968992248,Unknown_Target
relebactam,0.15503875968992248,Unknown_Target
orbifloxacin,0.15503875968992248,Unknown_Target
CFM-1571,0.15503875968992248,Unknown_Target
toltrazuril,0.15503875968992248,Unknown_Target
flumequine,0.15503875968992248,Unknown_Target
rolipram-S(+),0.15503875968992248,Unknown_Target
cinromide,0.15503875968992248,Unknown_Target
pranoprofen,0.15503875968992248,Unknown_Target
TMC-353121,0.15503875968992248,Unknown_Target
sorbitol,0.15503875968992248,Unknown_Target
pirenoxine,0.15503875968992248,Unknown_Target
caroverine,0.15503875968992248,Unknown_Target
SSR128129E,0.15503875968992248,Unknown_Target
kinetin,0.15503875968992248,Unknown_Target
salicin,0.15503875968992248,Unknown_Target
solamargine,0.15503875968992248,Unknown_Target
meprylcaine,0.15503875968992248,Unknown_Target
7-aminocephalosporanic-acid,0.15503875968992248,Unknown_Target
phenylpiracetam,0.15503875968992248,Unknown_Target
scopolamine,0.15503875968992248,Unknown_Target
ioversol,0.15503875968992248,Unknown_Target
phthalylsulfathiazole,0.15503875968992248,Unknown_Target
orbifloxacin,0.15503875968992248,Unknown_Target
6-benzylaminopurine,0.15503875968992248,Unknown_Target
lisadimate,0.15503875968992248,Unknown_Target
etosalamide,0.15503875968992248,Unknown_Target
pyrazinoylguanidine,0.15503875968992248,Unknown_Target
lasalocid,0.15503875968992248,Unknown_Target
emtricitabine,0.15503875968992248,Unknown_Target
blebbistatin-(-),0.15503875968992248,Unknown_Target
nanchangmycin,0.15503875968992248,Unknown_Target
FPH1-(BRD-6125),0.15503875968992248,Unknown_Target
neohesperidin-dihydrochalcone,0.15503875968992248,Unknown_Target
fanetizole,0.15503875968992248,Unknown_Target
fleroxacin,0.15503875968992248,Unknown_Target
gatifloxacin,0.15503875968992248,Unknown_Target
chlormidazole,0.15503875968992248,Unknown_Target
vitamin-b12,0.15503875968992248,Unknown_Target
rimantadine,0.15503875968992248,Unknown_Target
isodibut,0.15503875968992248,Unknown_Target
alibendol,0.15503875968992248,Unknown_Target
N-methyllidocaine-iodide,0.15503875968992248,Unknown_Target
fleroxacin,0.15503875968992248,Unknown_Target
chlorindione,0.15503875968992248,Unknown_Target
secnidazole,0.15503875968992248,Unknown_Target
rufloxacin,0.15503875968992248,Unknown_Target
secnidazole,0.15503875968992248,Unknown_Target
PG-9,0.15503875968992248,Unknown_Target
aztreonam,0.15503875968992248,Unknown_Target
sulconazole,0.15503875968992248,Unknown_Target
fursultiamine,0.15503875968992248,Unknown_Target
inimur,0.15503875968992248,Unknown_Target
lufenuron,0.15503875968992248,Unknown_Target
eprazinone,0.15503875968992248,Unknown_Target
doconexent-ethyl-ester,0.15503875968992248,Unknown_Target
dichlorophen,0.15503875968992248,Unknown_Target
ozolinone,0.15503875968992248,Unknown_Target
PYM50028,0.15503875968992248,Unknown_Target
dihydroartemisinin,0.15503875968992248,Unknown_Target
hydroxystilbamidine,0.15503875968992248,Unknown_Target
gadoteridol,0.15503875968992248,Unknown_Target
FG-7142,0.15503875968992248,Unknown_Target
menbutone,0.15503875968992248,Unknown_Target
L-670596,0.15503875968992248,Unknown_Target
tetrahydropapaverine,0.15503875968992248,Unknown_Target
nuclomedone,0.15503875968992248,Unknown_Target
peramivir,0.15503875968992248,Unknown_Target
phloroglucin,0.15503875968992248,Unknown_Target
tolfenamic-acid,0.15503875968992248,Unknown_Target
UCL-2077,0.15503875968992248,Unknown_Target
hycanthone,0.15503875968992248,Unknown_Target
oxiracetam,0.15503875968992248,Unknown_Target
cyclamic-acid,0.15503875968992248,Unknown_Target
sulfafurazole,0.15503875968992248,Unknown_Target
chloralose,0.15503875968992248,Unknown_Target
tirasemtiv,0.15503875968992248,Unknown_Target
fluoromethylcholine,0.15503875968992248,Unknown_Target
ethionamide,0.15503875968992248,Unknown_Target
isosteviol,0.15503875968992248,Unknown_Target
dextrose,0.15503875968992248,Unknown_Target
taurine,0.15503875968992248,Unknown_Target
monosodium-alpha-luminol,0.15503875968992248,Unknown_Target
FPL-55712,0.15503875968992248,Unknown_Target
allantoin,0.15503875968992248,Unknown_Target
sertaconazole,0.15503875968992248,Unknown_Target
colfosceril-palmitate,0.15503875968992248,Unknown_Target
alfadolone-acetate,0.15503875968992248,Unknown_Target
quinolinic-acid,0.15503875968992248,Unknown_Target
iopodic-acid,0.15503875968992248,Unknown_Target
metaxalone,0.15503875968992248,Unknown_Target
ICI-63197,0.15503875968992248,Unknown_Target
chlorhexidine,0.15503875968992248,Unknown_Target
chiniofon,0.15503875968992248,Unknown_Target
clinafloxacin,0.15503875968992248,Unknown_Target
sodium-danshensu,0.15503875968992248,Unknown_Target
mabuprofen,0.15503875968992248,Unknown_Target
cinepazet,0.15503875968992248,Unknown_Target
mesna,0.15503875968992248,Unknown_Target
cephapirin,0.15503875968992248,Unknown_Target
rosoxacin,0.15503875968992248,Unknown_Target
penciclovir,0.15503875968992248,Unknown_Target
amprenavir,0.15503875968992248,Unknown_Target
bephenium-hydroxynaphthoate,0.15503875968992248,Unknown_Target
nalidixic-acid,0.15503875968992248,Unknown_Target
nitenpyram,0.15503875968992248,Unknown_Target
cefoperazone,0.15503875968992248,Unknown_Target
balapiravir,0.15503875968992248,Unknown_Target
cefotiam,0.15503875968992248,Unknown_Target
ameltolide,0.15503875968992248,Unknown_Target
CC-930,0.15503875968992248,Unknown_Target
diatrizoic-acid,0.15503875968992248,Unknown_Target
"6,_7-dehydro-17-acetoxy-progesterone",0.15503875968992248,Unknown_Target
denotivir,0.15503875968992248,Unknown_Target
CG-400549,0.15503875968992248,Unknown_Target
chlorindanol,0.15503875968992248,Unknown_Target
pentacosanoic-acid,0.15503875968992248,Unknown_Target
maltobionic-acid,0.15503875968992248,Unknown_Target
TMPH,0.15503875968992248,Unknown_Target
ribitol,0.15503875968992248,Unknown_Target
sucrose-octaacetate,0.15503875968992248,Unknown_Target
cloxacillin,0.15503875968992248,Unknown_Target
"4,4-pentamethylenepiperidine",0.15503875968992248,Unknown_Target
BMS-707035,0.15503875968992248,Unknown_Target
TMC647055,0.15503875968992248,Unknown_Target
picolinic-acid,0.15503875968992248,Unknown_Target
sulfamethoxypyridazine,0.15503875968992248,Unknown_Target
4-hydroxy-phenazone,0.15503875968992248,Unknown_Target
guacetisal,0.15503875968992248,Unknown_Target
caspofungin-acetate,0.15503875968992248,Unknown_Target
N-acetylcarnosine,0.15503875968992248,Unknown_Target
acesulfame-potassium,0.15503875968992248,Unknown_Target
calcium-gluceptate,0.15503875968992248,Unknown_Target
trimetozine,0.15503875968992248,Unknown_Target
prulifloxacin,0.15503875968992248,Unknown_Target
niridazole,0.15503875968992248,Unknown_Target
dirithromycin,0.15503875968992248,Unknown_Target
"1,5-dicaffeoylquinic-acid",0.15503875968992248,Unknown_Target
chlorphenesin,0.15503875968992248,Unknown_Target
LTA,0.15503875968992248,Unknown_Target
shikimic-acid,0.15503875968992248,Unknown_Target
allopurinol-riboside,0.15503875968992248,Unknown_Target
GS-9973,0.13953488372093023,SYK
fostamatinib,0.13953488372093023,SYK
peficitinib,0.11627906976744186,"JAK1, JAK2, JAK3"
BAX-channel-blocker,0.08527131782945736,BAX
baricitinib,0.06976744186046512,"JAK1, JAK2"
P22077,0.06201550387596899,USP7
schisandrin-b,0.06201550387596899,ATR
zidovudine,0.03875968992248062,TERT
tideglusib,0.031007751937984496,GSK3B
AZD2858,0.031007751937984496,GSK3B
TCS2002,0.031007751937984496,GSK3B
CHIR-98014,0.031007751937984496,"GSK3A, GSK3B"
1-deoxymannojirimycin,0.023255813953488372,MAN2A1
chicago-sky-blue-6b,0.015503875968992248,MIF
oxytocin,0.007751937984496124,"AVPR1A, AVPR1B, AVPR2, OXTR"
desmopressin-acetate,0.007751937984496124,"AVPR1A, AVPR1B, AVPR2, OXTR"
JDTic,0.007751937984496124,OPRK1
U-50488-(-),0.007751937984496124,OPRK1
U-50488-(-),0.007751937984496124,OPRK1
vasopressin,0.007751937984496124,"AVPR1A, AVPR1B, AVPR2, OXTR"
BRL-52537,0.007751937984496124,OPRK1
spiradoline,0.007751937984496124,OPRK1
chloroxine,0.007751937984496124,OPRK1
chloroxine,0.007751937984496124,OPRK1
clioquinol,0.007751937984496124,OPRK1
U-54494A,0.007751937984496124,OPRK1
balicatib,0.007751937984496124,CTSK
hypoxanthine,0.0,PNP
PSB-36,0.0,"ADORA1, ADORA2A, ADORA2B, ADORA3"
mofezolac,0.0,PTGS1
CGP-13501,0.0,GABBR1
azilsartan-medoxomil,0.0,"AGTR1, AGTR2"
CZC24832,0.0,PIK3CG
SCH-58261,0.0,"ADORA1, ADORA2A, ADORA2B, ADORA3"
2-chloro-N6-cyclopentyladenosine,0.0,"ADORA1, ADORA2A, ADORA2B, ADORA3"
MK-0773,0.0,AR
dydrogesterone,0.0,PGR
propacetamol,0.0,PTGS2
deracoxib,0.0,PTGS2
RU-58841,0.0,AR
estriol,0.0,"ESR1, ESR2"
R-96544,0.0,HTR2A
cholecalciferol,0.0,VDR
aceclofenac,0.0,PTGS2
PF-04937319,0.0,GCK
7-methoxytacrine,0.0,ACHE
BYK-204165,0.0,PARP1
methoxamine,0.0,"ADRA1A, ADRA1B, ADRA1D"
testosterone,0.0,AR
cinanserin,0.0,HTR2A
SB-756050,0.0,GPBAR1
ZK-164015,0.0,"ESR1, ESR2"
racecadotril,0.0,MME
diosmetin,0.0,CYP1B1
4-PPBP,0.0,SIGMAR1
FK-3311,0.0,PTGS2
rutaecarpine,0.0,PTGS2
S-Nitrosoglutathione,0.0,PTPN1
SX-011,0.0,MAPK14
BW-373U86,0.0,OPRD1
calcitriol,0.0,VDR
calcitriol,0.0,VDR
maxacalcitol,0.0,VDR
huperzine-a,0.0,ACHE
trimethoquinol,0.0,"ADRB2, ADRB3"
bis(maltolato)oxovanadium(IV),0.0,PTPN1
CGS-15943,0.0,"ADORA1, ADORA2A, ADORA2B, ADORA3"
zileuton,0.0,ALOX5
dienestrol,0.0,ESR1
etoricoxib,0.0,PTGS2
nTZDpa,0.0,PPARG
trequinsin,0.0,PDE5A
phenacetin,0.0,PTGS1
mifobate,0.0,PPARG
nomegestrol-acetate,0.0,PGR
pentagastrin,0.0,CCKBR
ampalex,0.0,"GRIA1, GRIA2, GRIA3, GRIA4"
tofogliflozin,0.0,GCK
falecalcitriol,0.0,VDR
bifemelane,0.0,"MAOA, MAOB"
epitiostanol,0.0,AR
Ro-28-1675,0.0,GCK
neostigmine,0.0,ACHE
psoralen,0.0,"MAOA, MAOB"
avanafil,0.0,PDE5A
CGP-7930,0.0,GABBR1
acetyl-farnesyl-cysteine,0.0,PPARG
SPP301,0.0,EDNRA
ipidacrine,0.0,ACHE
enoximone,0.0,PDE3A
chlormadinone-acetate,0.0,PGR
linezolid,0.0,"MAOA, MAOB"
FR-139317,0.0,EDNRA
olprinone,0.0,PDE3A
4-(4-fluorobenzoyl)-1-(4-phenylbutyl)-piperidine,0.0,HTR2A
CNQX,0.0,"GRIA1, GRIA2, GRIA3, GRIA4"
noretynodrel,0.0,PGR
piracetam,0.0,"GRIA1, GRIA2, GRIA3, GRIA4"
suritozole,0.0,GABBR1
chlorpyrifos,0.0,ACHE
alclofenac,0.0,PTGS1
ADL5859,0.0,OPRD1
estradiol-cypionate,0.0,ESR1
didanosine,0.0,PNP
PF-05190457,0.0,GHSR
PS178990,0.0,AR
balaglitazone,0.0,PPARG
NPC-15199,0.0,PPARG
candesartan-cilextil,0.0,"AGTR1, AGTR2"
siguazodan,0.0,PDE3A
S26948,0.0,PPARG
azilsartan,0.0,"AGTR1, AGTR2"
pelanserin,0.0,HTR2A
saccharin,0.0,"CA1, CA12, CA2, CA9"
indatraline,0.0,"MAOA, MAOB"
adrenosterone,0.0,"HSD11B1, HSD11B2"
1-azakenpaullone,0.0,"CCNB1, CDK1, CDK5, GSK3B"
AGN-194310,0.0,"RXRA, RXRB, RXRG"
pentagastrin,0.0,CCKBR
T-0156,0.0,PDE5A
REV-5901,0.0,ALOX5
erteberel,0.0,"ESR1, ESR2"
sitaxentan,0.0,EDNRA
GS-39783,0.0,GABBR1
BQ-123,0.0,EDNRA
dehydrocorydaline,0.0,ACHE
toloxatone,0.0,"MAOA, MAOB"
maraviroc,0.0,CCR5
UNC0737,0.0,"EHMT1, EHMT2"
secalciferol,0.0,VDR
stanozolol,0.0,AR
silibinin,0.0,ALOX5
DPCPX,0.0,"ADORA1, ADORA2A, ADORA2B, ADORA3"
ulipristal,0.0,PGR
piricapiron,0.0,HTR2A
estradiol-acetate,0.0,ESR1
eptifibatide,0.0,"ITGA2B, ITGB3"
NSC-4644,0.0,PYGM
estropipate,0.0,"ESR1, ESR2"
ciglitazone,0.0,PPARG
moclobemide,0.0,"MAOA, MAOB"
SB-225002,0.0,CXCR2
loxoprofen,0.0,PTGS2
tepoxalin,0.0,ALOX5
doxercalciferol,0.0,VDR
PRE-084,0.0,SIGMAR1
darglitazone,0.0,PPARG
LY2608204,0.0,GCK
obidoxime,0.0,ACHE
pimobendan,0.0,PDE3A
norgestrel,0.0,PGR
BD-1047,0.0,SIGMAR1
GR-144053,0.0,"ITGA2B, ITGB3"
bazedoxifene,0.0,"ESR1, ESR2"
allylisothiocyanate,0.0,TRPA1
tibolone,0.0,ESR1
MY-5445,0.0,PDE5A
HC-030031,0.0,TRPA1
testosterone-enanthate,0.0,AR
dapiprazole,0.0,"ADRA1A, ADRA1B, ADRA1D"
CGS-21680,0.0,"ADORA1, ADORA2A, ADORA2B, ADORA3"
oleanolic-acid,0.0,GPBAR1
oleanolic-acid,0.0,GPBAR1
cutamesine,0.0,SIGMAR1
IDRA-21,0.0,"GRIA1, GRIA2, GRIA3, GRIA4"
harmane,0.0,"MAOA, MAOB"
masoprocol,0.0,ALOX5
eugenol,0.0,AR
cortodoxone,0.0,AR
UK-383367,0.0,BMP1
isoconazole,0.0,CYP17A1
SU3327,0.0,MAPK8
DUP-697,0.0,PTGS2
GW-1929,0.0,PPARG
LY225910,0.0,CCKBR
acyclovir,0.0,PNP
tacalcitol,0.0,VDR
CB-03-01,0.0,AR
loxoprofen,0.0,PTGS2
ergocalciferol,0.0,VDR
asaraldehyde,0.0,PTGS2
dibutyl-phthalate,0.0,TRPA1
pargyline,0.0,"MAOA, MAOB"
losmapimod,0.0,MAPK14
calcipotriol,0.0,VDR
purmorphamine,0.0,SMO
iproniazid,0.0,"MAOA, MAOB"
igmesine,0.0,SIGMAR1
silodosin,0.0,"ADRA1A, ADRA1B, ADRA1D"
phenylephrine,0.0,"ADRA1A, ADRA1B, ADRA1D"
istradefylline,0.0,"ADORA1, ADORA2A, ADORA2B, ADORA3"
skepinone-l,0.0,MAPK14
tenatoprazole,0.0,IDO1
PETCM,0.0,CASP3
ambenonium,0.0,ACHE
HEMADO,0.0,"ADORA1, ADORA2A, ADORA2B, ADORA3"
quinestrol,0.0,ESR1
PF-03049423,0.0,PDE5A
cyclobenzaprine,0.0,HTR2A
CHF5074,0.0,PSEN1
NE-100,0.0,SIGMAR1
S18986,0.0,"GRIA1, GRIA2, GRIA3, GRIA4"
avagacestat,0.0,PSEN1
norelgestromin,0.0,PGR
metamizole,0.0,PTGS1
mirodenafil,0.0,PDE5A
remimazolam,0.0,GABBR1
acyclovir,0.0,PNP
cianidanol,0.0,PTGS1
estrone,0.0,"ESR1, ESR2"
neridronic-acid,0.0,FDPS
dimemorfan,0.0,SIGMAR1
ibuproxam,0.0,ALOX5
SYM-2206,0.0,"GRIA1, GRIA2, GRIA3, GRIA4"
BD-1063,0.0,SIGMAR1
YM022,0.0,CCKBR
altrenogest,0.0,PGR
SK&F-10047-(+),0.0,SIGMAR1
SNC-80,0.0,OPRD1
"ICI-118,551",0.0,"ADRB2, ADRB3"
PPT,0.0,ESR1
hydroxyprogesterone-acetate,0.0,PGR
GW-501516,0.0,"PPARA, PPARD"
guanosine,0.0,PNP
tirofiban,0.0,"ITGA2B, ITGB3"
SDM25N,0.0,OPRD1
andarine,0.0,AR
BAY-11-7082,0.0,RELA
testosterone-undecanoate,0.0,AR
equol,0.0,"ESR1, ESR2"
equol,0.0,"ESR1, ESR2"
JX-401,0.0,MAPK14
dimpylate,0.0,ACHE
paricalcitol,0.0,VDR
estradiol-benzoate,0.0,ESR1
semagacestat,0.0,PSEN1
AZ-10417808,0.0,CASP3
altanserin,0.0,HTR2A
iguratimod,0.0,PTGS2
fananserin,0.0,HTR2A
estrone,0.0,"ESR1, ESR2"
clomifene,0.0,ESR1
pasireotide,0.0,"SSTR1, SSTR2, SSTR3, SSTR5"
BI-78D3,0.0,MAPK8
LY2228820,0.0,MAPK14
noscapine,0.0,SIGMAR1
alfaxalone,0.0,GABBR1
BU-224,0.0,"MAOA, MAOB"
mestranol,0.0,ESR1
T-0070907,0.0,PPARG
selegiline,0.0,"MAOA, MAOB"
sacubitril,0.0,MME
AM-24,0.0,ALOX5
perampanel,0.0,"GRIA1, GRIA2, GRIA3, GRIA4"
midodrine,0.0,"ADRA1A, ADRA1B, ADRA1D"
piroximone,0.0,PDE3A
PHTPP,0.0,ESR2
calcifediol,0.0,VDR
TAK-715,0.0,MAPK14
SD-169,0.0,MAPK14
LY255283,0.0,"LTB4R, LTB4R2"
ercalcitriol,0.0,VDR
VX-702,0.0,"MAPK11, MAPK12, MAPK14"
norethindrone,0.0,PGR
norethindrone,0.0,PGR
tamsulosin,0.0,"ADRA1A, ADRA1B, ADRA1D"
"hydroxytacrine-maleate-(r,s)",0.0,ACHE
regadenoson,0.0,"ADORA1, ADORA2A, ADORA2B, ADORA3"
ospemifene,0.0,"ESR1, ESR2"
maribavir,0.0,PYGM
danirixin,0.0,CXCR2
desoxypeganine,0.0,ACHE
dienogest,0.0,PGR
oxandrolone,0.0,AR
darusentan,0.0,EDNRA
hydroxyprogesterone,0.0,PGR
